Corporate Name,Supervising Authority,Designation Type,Industry,Ghge,Energy,Verification
 롯데이노베이트(주),기후에너지환경부,사업장,"컴퓨터 프로그래밍, 시스템 통합 및 관리업",120487,2514,한국표준협회
 리뉴에너지경인 주식회사,기후에너지환경부,사업장,폐기물 처리업,51427,12,(주)한국경영인증원
(유)남해환경,기후에너지환경부,사업장,폐기물 처리업,27986,178,(재)한국품질재단
(유)에스케이씨에보닉페록사이드코리아,기후에너지환경부,사업장,기초 화학물질 제조업,36818,734,(재)한국품질재단
(유)청명,기후에너지환경부,사업장,폐기물,25597,511,㈜한국품질보증원
(유)호남고속,국토교통부,사업장,교통(여객),20755,317,(주)한국경영인증원
(재)우체국물류지원단,국토교통부,사업장,육상운송 및 파이프라인 운송업,18542,273,(재)한국품질재단
(주)MSC,기후에너지환경부,사업장,기타 식품 제조업,29704,596,(주)한국경영인증원
(주)SIMPAC,기후에너지환경부,업체,1차 철강 제조업,99791,1161,한국표준협회
(주)SUN&L,기후에너지환경부,사업장,나무제품 제조업,9998,271,한국표준협회
(주)강동씨앤엘,기후에너지환경부,업체,"시멘트, 석회, 플라스터 및 그 외 제품 제조업",9576,181,한국표준협회
(주)강원랜드,기후에너지환경부,사업장,유원지 및 기타 오락관련 서비스업,79430,1602,로이드인증원㈜
(주)건화,기후에너지환경부,사업장,선박 및 보트 건조업,36370,655,한국표준협회
(주)경기고속,기후에너지환경부,업체,육상 여객 운송업,115254,1851,(주)한국경영인증원
(주)경동,기후에너지환경부,업체,석탄 광업,204871,383,(재)한국품질재단
(주)경동원,산업통상자원부,사업장,기계,8652,168,한국표준협회
(주)경보제약,산업통상자원부,사업장,석유화학,11603,278,(주)한국경영인증원
(주)경북고속,기후에너지환경부,사업장,육상 여객 운송업,31288,443,(주)한국경영인증원
(주)경신전선,산업통상자원부,사업장,전기전자,14500,300,로이드인증원㈜
(주)국제금속,산업통상자원부,사업장,비철금속,29525,293,(주)한국경영인증원
(주)그린스코,기후에너지환경부,사업장,폐기물 처리업,59323,102,(주)한국경영인증원
(주)금남고속,기후에너지환경부,사업장,육상 여객 운송업,22296,318,(주)한국경영인증원
(주)금비,기후에너지환경부,사업장,유리 및 유리제품 제조업,84439,1195,한국표준협회
(주)남해고속,해양수산부,사업장,교통(해운),23741,338,한국표준협회
(주)네오오토,산업통상자원부,사업장,자동차,16901,350,(주)한국경영인증원
(주)네이처이앤티경주,기후에너지환경부,사업장,지정외 폐기물처리업 등,30830,5,(주)비에스아이그룹코리아
(주)네패스,산업통상자원부,사업장,반도체,15802,326,(주)비에스아이그룹코리아
(주)넥센,산업통상자원부,사업장,석유화학,17306,357,한국표준협회
(주)농협물류,기후에너지환경부,사업장,도로 화물 운송업,29600,433,한국표준협회
(주)농협사료,농림축산식품부,업체,식료품 제조업,87275,1791,한국생산성본부인증원(주)
(주)다나에너지솔루션,기후에너지환경부,사업장,폐기물 처리업,58590,222,(주)한국경영인증원
(주)대농,산업통상자원부,사업장,섬유,3811,79,지속가능인증원주식회사
(주)대동세라믹,기후에너지환경부,사업장,"내화, 비내화 요업제품 제조업",36887,677,(주)한국경영인증원
(주)대림제지,기후에너지환경부,사업장,"펄프, 종이 및 판지 제조업",109561,1675,(재)한국품질재단
(주)대양금속,산업통상자원부,사업장,기계,19950,395,(재)한국품질재단
(주)대우건설,국토교통부,업체,건설,61064,1259,한국표준협회
(주)대욱케스트,산업통상자원부,사업장,철강,15522,289,(주)한국경영인증원
(주)대웅제약,산업통상자원부,사업장,석유화학,20586,424,(주)한국경영인증원
(주)대원고속,기후에너지환경부,업체,육상 여객 운송업,117728,1920,(주)한국경영인증원
(주)대원농산,기후에너지환경부,사업장,폐기물,20027,127,(재)한국품질재단
(주)대원버스,기후에너지환경부,사업장,육상 여객 운송업,33811,583,(주)한국경영인증원
(주)대원여객,국토교통부,사업장,교통(여객),16290,313,(주)한국경영인증원
(주)대원운수,기후에너지환경부,사업장,육상 여객 운송업,35606,596,(주)한국경영인증원
(주)대유코아,기후에너지환경부,사업장,"시멘트, 석회, 플라스터 및 그 외 제품 제조업",96217,736,로이드인증원㈜
(주)대천텍스타일,산업통상자원부,사업장,섬유,15547,233,한국표준협회
(주)대호특수강,산업통상자원부,사업장,철강,40263,806,로이드인증원㈜
(주)동광화학,산업통상자원부,사업장,석유화학,25455,527,(주)한국경영인증원
(주)동남,기후에너지환경부,사업장,1차 비철금속 제조업,53758,837,한국표준협회
(주)동방,기후에너지환경부,사업장,도로 화물 운송업,57667,842,대일이엔씨기술(주)
(주)동서기공,기후에너지환경부,사업장,자동차 신품 부품 제조업,50632,1045,(주)한국경영인증원
(주)동신포리마,기후에너지환경부,사업장,플라스틱 제품 제조업,37349,765,(주)한국경영인증원
(주)동양고속,기후에너지환경부,사업장,육상 여객 운송업,53374,762,(주)한국경영인증원
(주)동양환경,기후에너지환경부,업체,폐기물 처리업,239750,664,(재)한국품질재단
(주)동우팜투테이블,농림축산식품부,사업장,식료품 제조업,14515,292,(재)한국화학융합시험연구원
(주)동원F&B,농림축산식품부,업체,식료품 제조업,84156,1832,(주)한국경영인증원
(주)동진쎄미켐,산업통상자원부,사업장,석유화학,27662,567,(주)한국경영인증원
(주)두산,산업통상자원부,업체,전기전자,55371,1102,(재)한국품질재단
(주)두산테스나,산업통상자원부,사업장,반도체,58757,1227,(재)한국품질재단
(주)디알액시온,산업통상자원부,사업장,비철금속,11424,233,(재)한국품질재단
(주)디에이피,기후에너지환경부,사업장,전자 부품 제조업,77814,1613,(주)한국경영인증원
(주)디케이씨,산업통상자원부,사업장,철강,17114,344,한국표준협회
(주)로옴코리아,산업통상자원부,사업장,반도체,14770,308,㈜한국품질보증원
(주)메디톡스,산업통상자원부,사업장,석유화학,16584,340,한국표준협회
(주)면사랑,농림축산식품부,사업장,식료품 제조업,29600,571,한국표준협회
(주)모나리자,기후에너지환경부,사업장,"펄프, 종이 및 판지 제조업",41925,781,(주)한국경영인증원
(주)미래페이퍼,기후에너지환경부,사업장,"펄프, 종이 및 판지 제조업",66492,1039,한국표준협회
(주)방림,산업통상자원부,사업장,섬유,19542,297,한국표준협회
(주)베르상스퍼시픽,기후에너지환경부,사업장,유리 및 유리제품 제조업,28013,481,로이드인증원㈜
(주)벽산,기후에너지환경부,사업장,유리 및 유리제품 제조업,118254,2177,한국표준협회
(주)보령,산업통상자원부,사업장,석유화학,17158,303,(주)한국경영인증원
(주)보림씨에스,기후에너지환경부,사업장,폐기물 처리업,52338,25,(재)한국품질재단
(주)부산도시가스,기후에너지환경부,사업장,"증기, 냉ㆍ온수 및 공기 조절 공급업",58486,302,(주)한국경영인증원
(주)비에이치,산업통상자원부,사업장,전기전자,18903,368,한국표준협회
(주)비엠금속,산업통상자원부,사업장,철강,15365,282,(주)한국경영인증원
(주)빙그레,농림축산식품부,업체,식료품 제조업,59696,1200,(주)한국경영인증원
(주)삼동,기후에너지환경부,사업장,절연선 및 케이블 제조업,46241,955,한국표준협회
(주)삼우에프앤지,국토교통부,사업장,교통(화물),21539,357,한국표준협회
(주)삼원강재,기후에너지환경부,사업장,자동차 신품 부품 제조업,31842,646,(재)한국품질재단
(주)삼천리,기후에너지환경부,사업장,"증기, 냉ㆍ온수 및 공기 조절 공급업",98837,1733,한국가스안전공사
(주)삼표산업,기후에너지환경부,업체,"시멘트, 석회, 플라스터 및 그 외 제품 제조업",89261,1559,(재)한국품질재단
(주)삼현,기후에너지환경부,사업장,"내화, 비내화 요업제품 제조업",25761,445,한국표준협회
(주)삼화양행,산업통상자원부,업체,전기전자,51499,1065,(주)한국경영인증원
(주)상공에너지,기후에너지환경부,사업장,"증기, 냉ㆍ온수 및 공기 조절 공급업",4568,1601,㈜한국품질보증원
(주)샤니,농림축산식품부,사업장,식료품 제조업,35410,719,(주)비에스아이그룹코리아
(주)서원,산업통상자원부,사업장,비철금속,11134,229,한국가스안전공사
(주)서흥,기후에너지환경부,사업장,기타 식품 제조업,37334,766,한국표준협회
(주)선일다이파스,산업통상자원부,사업장,기계,20958,432,(주)한국경영인증원
(주)선진운수,기후에너지환경부,사업장,육상 여객 운송업,24798,470,(재)한국품질재단
(주)성신미네필드,산업통상자원부,사업장,시멘트,17752,349,한국표준협회
(주)성호금속,산업통상자원부,사업장,철강,18936,338,(주)한국경영인증원
(주)성호금속 경주2공장,기후에너지환경부,사업장,금속 주조업,28588,515,(주)한국경영인증원
(주)성호기업,산업통상자원부,사업장,철강,13162,258,(주)한국경영인증원
(주)세아씨엠,기후에너지환경부,사업장,1차 철강 제조업,80019,1519,한국표준협회
(주)세아엘앤에스,국토교통부,사업장,교통(화물),14542,210,한국표준협회
(주)세아제강,기후에너지환경부,사업장,1차 철강 제조업,63961,1305,한국표준협회
(주)세아특수강,기후에너지환경부,사업장,1차 철강 제조업,54540,1100,한국표준협회
(주)세우,농림축산식품부,사업장,식료품 제조업,17612,357,(재)한국품질재단
(주)세주,기후에너지환경부,사업장,해상 운송업,28350,387,㈜디엔브이비즈니스어슈어런스코리아
(주)셀트리온제약,산업통상자원부,사업장,석유화학,15490,317,한국표준협회
(주)시흥교통,국토교통부,사업장,교통(여객),22048,401,한국표준협회
(주)신동,기후에너지환경부,사업장,"시멘트, 석회, 플라스터 및 그 외 제품 제조업",79688,283,한국표준협회
(주)신세계,기후에너지환경부,업체,종합 소매업,130801,2705,(주)한국경영인증원
(주)신승에너지,기후에너지환경부,사업장,폐기물 처리업,68270,322,(재)한국품질재단
(주)신안주철,산업통상자원부,사업장,철강,16117,302,한국표준협회
(주)신영포르투,농림축산식품부,사업장,나무제품 제조업,18426,685,(재)한국품질재단
(주)신우금속,산업통상자원부,사업장,철강,16858,292,(재)한국품질재단
(주)신한중공업,산업통상자원부,사업장,조선,15472,247,㈜한국품질보증원
(주)쌍용씨앤비,기후에너지환경부,사업장,"펄프, 종이 및 판지 제조업",66006,1260,(주)한국경영인증원
(주)씨텍,기후에너지환경부,업체,"증기, 냉ㆍ온수 및 공기 조절 공급업",763404,10981,(주)비에스아이그룹코리아
(주)아바텍,산업통상자원부,사업장,유리,16462,336,한국표준협회
(주)아진피앤피,기후에너지환경부,사업장,"펄프, 종이 및 판지 제조업",138991,3288,지속가능인증원주식회사
(주)애니테크,기후에너지환경부,사업장,폐기물 처리업,45268,204,(주)한국경영인증원
(주)에스이그린에너지,산업통상자원부,사업장,전기업,55997,0,한국표준협회
(주)에스제이금속,산업통상자원부,사업장,철강,19958,351,(재)한국품질재단
(주)에스파워,기후에너지환경부,업체,전기업,1508447,29876,(재)한국품질재단
(주)에스피환경,기후에너지환경부,사업장,폐기물 처리업,73956,515,㈜한국품질보증원
(주)에이치해운,해양수산부,사업장,교통(해운),17780,243,한국표준협회
(주)에이티에너지,기후에너지환경부,사업장,폐기물 처리업,21500,18,대일이엔씨기술(주)
(주)에코비트그린,기후에너지환경부,업체,폐기물 처리업,57512,21,한국표준협회
(주)에코비트에너지세종,기후에너지환경부,사업장,폐기물 처리업,72084,425,한국표준협회
(주)에코프로머티리얼즈,기후에너지환경부,사업장,일차전지 및 축전지 제조업,70327,1432,(주)한국경영인증원
(주)에코프로비엠,기후에너지환경부,사업장,일차전지 및 축전지 제조업,68312,1424,(주)한국경영인증원
(주)엔아이티,기후에너지환경부,업체,폐기물 처리업,163208,283,㈜한국품질보증원
(주)엔이티,기후에너지환경부,사업장,"증기, 냉ㆍ온수 및 공기 조절 공급업",6977,82,한국표준협회
(주)엔피케이,산업통상자원부,사업장,석유화학,15313,316,한국표준협회
(주)엘엑스글라스,기후에너지환경부,업체,유리 및 유리제품 제조업,298344,3670,(주)한국경영인증원
(주)엘엑스판토스,기후에너지환경부,사업장,도로 화물 운송업,46415,558,㈜디엔브이비즈니스어슈어런스코리아
(주)엘지생활건강,산업통상자원부,사업장,석유화학,47246,1041,(재)한국품질재단
(주)엘지씨엔에스,기후에너지환경부,업체,"컴퓨터 프로그래밍, 시스템 통합 및 관리업",130641,2780,대일이엔씨기술(주)
(주)영신물산,기후에너지환경부,사업장,"섬유제품 염색, 정리 및 마무리 가공업",29421,198,한국표준협회
(주)오뚜기,기후에너지환경부,사업장,기타 식품 제조업,93135,1877,한국표준협회
(주)오리온,기후에너지환경부,사업장,기타 식품 제조업,74067,1481,로이드인증원㈜
(주)오미아코리아,기후에너지환경부,사업장,기초 화학물질 제조업,45800,935,㈜디엔브이비즈니스어슈어런스코리아
(주)오영,산업통상자원부,사업장,석유화학,14127,308,(재)한국품질재단
(주)온셀텍,기후에너지환경부,사업장,전자 부품 제조업,34623,722,한국표준협회
(주)올품,농림축산식품부,사업장,식료품 제조업,22914,467,한국표준협회
(주)와이솔,산업통상자원부,사업장,반도체,20144,319,한국표준협회
(주)와이엔텍,기후에너지환경부,업체,폐기물 처리업,158406,975,(재)한국품질재단
(주)와이엠,산업통상자원부,사업장,기계,17196,354,(재)한국품질재단
(주)와이지-원,산업통상자원부,사업장,기계,16506,344,한국표준협회
(주)우룡,기후에너지환경부,업체,"시멘트, 석회, 플라스터 및 그 외 제품 제조업",168720,752,(재)한국화학융합시험연구원
(주)우성염직,산업통상자원부,사업장,섬유,12442,196,한국표준협회
(주)우신금속,산업통상자원부,사업장,비철금속,23769,372,(재)한국품질재단
(주)우익반도체,산업통상자원부,사업장,전기전자,31277,646,한국표준협회
(주)원익아이피에스,산업통상자원부,사업장,특수 목적용 기계 제조업,27441,536,한국표준협회
(주)유니온,기후에너지환경부,업체,"시멘트, 석회, 플라스터 및 그 외 제품 제조업",142490,1162,한국표준협회
(주)유성티엔에스,기후에너지환경부,사업장,도로 화물 운송업,26598,384,(주)한국경영인증원
(주)유진로지스틱스,기후에너지환경부,사업장,도로 화물 운송업,22940,333,(재)한국품질재단
(주)유한양행,산업통상자원부,사업장,석유화학,17597,362,(재)한국품질재단
(주)유한화학,산업통상자원부,사업장,석유화학,20739,380,(주)한국경영인증원
(주)이녹스첨단소재,기후에너지환경부,사업장,전자 부품 제조업,30420,556,㈜디엔브이비즈니스어슈어런스코리아
(주)이마트,기후에너지환경부,업체,종합 소매업,522497,10881,한국표준협회
(주)이수페타시스,기후에너지환경부,사업장,전자 부품 제조업,49020,951,(주)한국경영인증원
(주)이수화학,기후에너지환경부,업체,기초 화학물질 제조업,277942,5001,한국표준협회
(주)이스타항공,기후에너지환경부,업체,항공 여객 운송업,122762,1757,(재)한국화학융합시험연구원
(주)이알지서비스,기후에너지환경부,사업장,폐기물 처리업,83417,60,(재)한국화학융합시험연구원
(주)이에스티,기후에너지환경부,사업장,폐기물 처리업,68030,11,(재)한국품질재단
(주)인터플렉스,기후에너지환경부,사업장,전자 부품 제조업,36807,769,로이드인증원㈜
(주)일강,산업통상자원부,사업장,자동차,19141,393,한국표준협회
(주)일진글로벌,기후에너지환경부,사업장,자동차 신품 부품 제조업,122351,2549,(주)한국경영인증원
(주)전북고속,기후에너지환경부,사업장,육상 여객 운송업,16758,238,(주)한국경영인증원
(주)정·식품,농림축산식품부,사업장,음료제조업,17976,361,한국표준협회
(주)제때,국토교통부,사업장,교통(화물),25825,463,한국표준협회
(주)제양항공해운,기후에너지환경부,사업장,해상 운송업,718,10,로이드인증원㈜
(주)제이엠씨,기후에너지환경부,사업장,기초 화학물질 제조업,33421,736,(주)한국경영인증원
(주)젤텍,산업통상자원부,사업장,석유화학,14308,487,한국표준협회
(주)조흥,농림축산식품부,사업장,식료품 제조업,16363,353,한국표준협회
(주)종근당,산업통상자원부,사업장,석유화학,19934,554,(주)한국경영인증원
(주)종근당바이오,기후에너지환경부,사업장,기초 의약 물질 및 생물학적 제제 제조업,92309,1937,(주)한국경영인증원
(주)중앙고속,기후에너지환경부,사업장,육상 여객 운송업,47642,680,(주)한국경영인증원
(주)중일,기후에너지환경부,사업장,1차 비철금속 제조업,29361,293,한국표준협회
(주)지에스동해전력,기후에너지환경부,업체,전기업,2368116,26420,대일이엔씨기술(주)
(주)지엠씨,산업통상자원부,사업장,광업,13954,290,(재)한국화학융합시험연구원
(주)진합,기후에너지환경부,사업장,자동차 신품 부품 제조업,26316,546,한국표준협회
(주)진흥주물,산업통상자원부,사업장,철강,30311,531,한국표준협회
(주)참프레,기후에너지환경부,사업장,"도축, 육류 가공 및 저장 처리업",42987,860,한국표준협회
(주)창원에너텍,기후에너지환경부,사업장,폐기물 처리업,77277,1032,(재)한국품질재단
(주)천일고속,기후에너지환경부,사업장,육상 여객 운송업,21368,305,(주)한국경영인증원
(주)청송산업개발,기후에너지환경부,사업장,폐기물 처리업,71731,520,(재)한국품질재단
(주)체리부로,농림축산식품부,사업장,식료품 제조업,15210,310,(주)한국경영인증원
(주)충남고속,기후에너지환경부,사업장,육상 여객 운송업,23447,334,(주)한국경영인증원
(주)충무화학,기후에너지환경부,업체,"시멘트, 석회, 플라스터 및 그 외 제품 제조업",155600,637,(주)한국경영인증원
(주)카길애그리퓨리나,농림축산식품부,사업장,식료품 제조업,21263,434,(재)한국품질재단
(주)카펙발레오,산업통상자원부,사업장,자동차,22015,444,한국표준협회
(주)캐스텍코리아,산업통상자원부,사업장,철강,17076,300,한국표준협회
(주)케이비아이국인산업,기후에너지환경부,업체,폐기물 처리업,247354,114,(재)한국품질재단
(주)케이비아이텍,기후에너지환경부,업체,폐기물 처리업,151791,178,(재)한국품질재단
(주)케이에프엔티,산업통상자원부,사업장,석유화학,21733,458,(주)한국경영인증원
(주)케이원전자,산업통상자원부,사업장,전기전자,23937,499,한국표준협회
(주)케이이씨,기후에너지환경부,사업장,반도체 제조업,35594,648,㈜디엔브이비즈니스어슈어런스코리아
(주)케이조선,기후에너지환경부,사업장,선박 및 보트 건조업,63962,1153,(재)한국품질재단
(주)케이티앤지,기후에너지환경부,사업장,담배 제조업,104110,2109,(재)한국품질재단
(주)케이프,산업통상자원부,사업장,조선,14825,264,한국표준협회
(주)케이피텍,산업통상자원부,사업장,석유화학,9117,189,㈜디엔브이비즈니스어슈어런스코리아
(주)코넥,기후에너지환경부,사업장,자동차 신품 부품 제조업,39621,786,(주)한국경영인증원
(주)코다코,기후에너지환경부,사업장,자동차 신품 부품 제조업,39518,808,(재)한국품질재단
(주)코리아써키트,기후에너지환경부,사업장,전자 부품 제조업,127197,2578,(주)비에스아이그룹코리아
(주)코스틸,기후에너지환경부,사업장,1차 철강 제조업,10611,212,(주)한국경영인증원
(주)태상,기후에너지환경부,사업장,기타 금속 가공제품 제조업,57201,1113,(주)한국경영인증원
(주)태영건설,국토교통부,사업장,건설,19192,377,한국표준협회
(주)태영열처리,산업통상자원부,사업장,기계,14249,294,한국표준협회
(주)태우,산업통상자원부,사업장,비철금속,17165,334,한국가스안전공사
(주)태웅,기후에너지환경부,업체,1차 철강 제조업,162294,2950,(재)한국품질재단
(주)태평양금속,기후에너지환경부,사업장,"내화, 비내화 요업제품 제조업",37112,754,(주)한국경영인증원
(주)티씨씨스틸,기후에너지환경부,사업장,1차 철강 제조업,32724,676,(주)한국경영인증원
(주)티씨케이,기후에너지환경부,사업장,기타 비금속 광물제품 제조업,34496,713,(재)한국품질재단
(주)티엘비,산업통상자원부,사업장,전기전자,22682,456,(주)한국경영인증원
(주)파리크라상,농림축산식품부,사업장,식료품 제조업,20408,422,한국표준협회
(주)평안운수,국토교통부,사업장,교통(여객),12864,234,(주)한국경영인증원
(주)포레스코,기후에너지환경부,사업장,나무제품 제조업,32212,771,한국표준협회
(주)포스코이앤씨,국토교통부,사업장,건설,43843,884,로이드인증원㈜
(주)풍년그린텍,산업통상자원부,사업장,제지,22977,469,(주)신화엔지니어링종합건축사사무소
(주)풍농,산업통상자원부,사업장,석유화학,18535,340,(주)한국경영인증원
(주)풍정주공,기후에너지환경부,사업장,금속 주조업,30214,558,(주)한국경영인증원
(주)퓨렉스,산업통상자원부,사업장,반도체,16886,348,(주)한국경영인증원
(주)피엔디티,산업통상자원부,사업장,자동차,17142,335,지속가능인증원주식회사
(주)피제이메탈,산업통상자원부,사업장,비철금속,18099,327,(재)한국품질재단
(주)필맥스,기후에너지환경부,사업장,플라스틱 제품 제조업,20861,427,㈜한국품질보증원
(주)하림,기후에너지환경부,사업장,"도축, 육류 가공 및 저장 처리업",102619,2514,(재)한국품질재단
(주)한국인삼공사 고려인삼창,농림축산식품부,사업장,식료품 제조업,32542,661,(주)한국경영인증원
(주)한국특강,기후에너지환경부,업체,1차 철강 제조업,349281,6239,(주)한국경영인증원
(주)한금,산업통상자원부,사업장,철강,17179,371,한국표준협회
(주)한솔케미칼,기후에너지환경부,사업장,기초 화학물질 제조업,133544,2813,대일이엔씨기술(주)
(주)한솔홈데코,기후에너지환경부,사업장,나무제품 제조업,63294,2027,(주)한국경영인증원
(주)한양에스앤씨,산업통상자원부,사업장,자동차,19575,347,(주)한국경영인증원
(주)한익스프레스,기후에너지환경부,사업장,도로 화물 운송업,23918,400,한국표준협회
(주)한일고속,기후에너지환경부,사업장,육상 여객 운송업,70972,973,(주)한국경영인증원
(주)한주,기후에너지환경부,업체,"증기, 냉ㆍ온수 및 공기 조절 공급업",1049220,12857,㈜디엔브이비즈니스어슈어런스코리아
(주)한진,기후에너지환경부,업체,도로 화물 운송업,102568,1644,한국표준협회
(주)한창제지,기후에너지환경부,업체,"펄프, 종이 및 판지 제조업",193116,2442,한국표준협회
(주)한화,기후에너지환경부,업체,기타 화학제품 제조업,64772,1213,㈜디엔브이비즈니스어슈어런스코리아
(주)현대백화점,기후에너지환경부,업체,종합 소매업,162990,3416,한국표준협회
(주)현대엘앤씨,기후에너지환경부,사업장,플라스틱 제품 제조업,38430,785,로이드인증원㈜
(주)현대케피코,기후에너지환경부,사업장,자동차 신품 부품 제조업,24930,515,로이드인증원㈜
(주)화성여객,국토교통부,사업장,교통(여객),25348,406,(주)한국경영인증원
(주)화승알앤에이,산업통상자원부,사업장,석유화학,20734,426,한국표준협회
(주)화승케미칼,기후에너지환경부,사업장,플라스틱 제품 제조업,25483,522,(주)한국경영인증원
(주)화인베스틸,산업통상자원부,사업장,철강,18934,346,(주)한국경영인증원
(합)경남여객,기후에너지환경부,사업장,육상 여객 운송업,41498,701,한국표준협회
CJ대한통운(주),기후에너지환경부,업체,도로 화물 운송업,228750,4077,(주)한국경영인증원
CJ제일제당(주),기후에너지환경부,업체,"곡물 가공품, 전분 및 전분제품 제조업",421213,9704,(재)한국화학융합시험연구원
GS건설(주),국토교통부,업체,건설,116706,2166,(재)한국품질재단
GS파워,기후에너지환경부,업체,"증기, 냉ㆍ온수 및 공기 조절 공급업",2696279,52465,한국표준협회
JW 생명과학(주),기후에너지환경부,사업장,의약품 제조업,28248,577,한국표준협회
KPX케미칼(주),산업통상자원부,사업장,석유화학,24270,770,(주)한국경영인증원
LB세미콘(주),기후에너지환경부,사업장,반도체 제조업,48250,1002,한국표준협회
LX엠엠에이,기후에너지환경부,업체,기초 화학물질 제조업,327127,2974,(주)한국경영인증원
NC양산(주),기후에너지환경부,사업장,폐기물 처리업,32957,24,한국표준협회
NC울산(주),기후에너지환경부,사업장,폐기물 처리업,71888,40,한국표준협회
OCI SE 주식회사,기후에너지환경부,업체,"증기, 냉ㆍ온수 및 공기 조절 공급업",1290550,23775,㈜디엔브이비즈니스어슈어런스코리아
S-Oil(주),기후에너지환경부,업체,석유 정제품 제조업,9632037,127576,한국표준협회
SKbroadband(주),기후에너지환경부,업체,전기 통신업,455962,9485,㈜디엔브이비즈니스어슈어런스코리아
SK이노베이션(주),기후에너지환경부,업체,일차전지 및 축전지 제조업,2364006,47046,한국표준협회
SK인천석유화학(주),기후에너지환경부,업체,석유 정제품 제조업,1538765,45185,한국표준협회
Y&T파워텍(주),산업통상자원부,사업장,자동차,19258,401,(주)비에스아이그룹코리아
㈜토탈,기후에너지환경부,사업장,폐기물 처리업,64339,70,(재)한국품질재단
가온전선주식회사,산업통상자원부,사업장,전기전자,8572,175,(주)비에스아이그룹코리아
강남금융센터(주),국토교통부,사업장,건물,17358,358,한국표준협회
강남화성(주),산업통상자원부,사업장,석유화학,19455,314,한국표준협회
강릉시,기후에너지환경부,사업장,폐기물 처리업,107713,764,(주)비에스아이그룹코리아
강릉에코파워(주),산업통상자원부,업체,발전에너지,2627404,32364,로이드인증원㈜
강변테크노마트 주식회사,국토교통부,사업장,건물,13404,278,대일이엔씨기술(주)
강원고속,기후에너지환경부,사업장,육상 여객 운송업,16788,239,한국표준협회
강원대학교,국토교통부,사업장,건물,19897,411,한국표준협회
거제시,기후에너지환경부,사업장,폐기물 처리업,60696,487,(재)한국품질재단
경기그린에너지(주),산업통상자원부,업체,전기업,118443,0,한국표준협회
경기도 광주시,기후에너지환경부,업체,수도업,59846,999,㈜한국품질보증원
경북대학교,기후에너지환경부,사업장,고등 교육기관,41113,864,㈜한국품질보증원
경북대학교병원,국토교통부,사업장,건물,20752,426,한국표준협회
경산시,기후에너지환경부,사업장,폐기물 처리업,74974,800,㈜한국품질보증원
경산제지 주식회사,기후에너지환경부,사업장,"펄프, 종이 및 판지 제조업",107106,909,한국표준협회
경상국립대학교,국토교통부,사업장,건물,20967,433,한국표준협회
경상북도,기후에너지환경부,사업장,폐기물 처리업,71188,426,㈜한국품질보증원
경원여객자동차(주),기후에너지환경부,사업장,육상 여객 운송업,15471,220,(주)한국경영인증원
경원여객자동차(주),기후에너지환경부,사업장,육상 여객 운송업,31036,572,한국표준협회
경주시,기후에너지환경부,사업장,폐기물 처리업,83421,682,㈜한국품질보증원
경진단조(주),산업통상자원부,사업장,기계,14386,298,(주)한국경영인증원
경진여객운수(주),기후에너지환경부,사업장,육상 여객 운송업,21107,373,(주)한국경영인증원
경창산업(주),산업통상자원부,사업장,자동차,22326,465,(주)한국경영인증원
고덕그린에너지(주),산업통상자원부,사업장,전기업,28909,17,한국표준협회
고려강선(주),기후에너지환경부,사업장,1차 철강 제조업,57778,1210,한국생산성본부인증원(주)
고려고속훼리(주),해양수산부,사업장,해상 운송업,31118,447,한국표준협회
고려기초소재,기후에너지환경부,사업장,기타 비금속 광물제품 제조업,20080,352,한국표준협회
고려아연 주식회사,기후에너지환경부,업체,1차 비철금속 제조업,3199180,44425,㈜디엔브이비즈니스어슈어런스코리아
고려용접봉 주식회사,산업통상자원부,사업장,기계,16869,347,㈜한국품질보증원
고려제강(주),기후에너지환경부,사업장,1차 철강 제조업,90621,1854,한국생산성본부인증원(주)
고려특수선재(주),산업통상자원부,사업장,철강,22134,461,한국생산성본부인증원(주)
고성그린파워 주식회사,기후에너지환경부,업체,전기업,8875485,96161,로이드인증원㈜
고양시,기후에너지환경부,업체,폐기물 처리업,140051,1147,㈜한국품질보증원
공주시,기후에너지환경부,사업장,폐기물,16080,43,(재)한국품질재단
공항철도(주),기후에너지환경부,사업장,육상 여객 운송업,58108,1211,대일이엔씨기술(주)
과천시,기후에너지환경부,사업장,폐기물,14905,102,(재)한국화학융합시험연구원
광명시,기후에너지환경부,사업장,폐기물 처리업,67729,326,㈜한국품질보증원
광양시,기후에너지환경부,사업장,폐기물 처리업,45864,195,㈜한국품질보증원
광주과학기술원,국토교통부,사업장,건물,24365,504,한국표준협회
광주광역시,기후에너지환경부,업체,폐기물 처리업,174787,1635,(재)한국품질재단
광주교통공사,국토교통부,사업장,교통(철도),19368,403,한국표준협회
광진산업(주),기후에너지환경부,사업장,"시멘트, 석회, 플라스터 및 그 외 제품 제조업",78427,196,한국생산성본부인증원(주)
괴산군,기후에너지환경부,사업장,폐기물,18411,113,(재)한국품질재단
구리농수산물공사,국토교통부,사업장,건물,17502,364,한국표준협회
구리시,기후에너지환경부,사업장,폐기물 처리업,55002,544,㈜한국품질보증원
구미시,기후에너지환경부,업체,폐기물 처리업,148251,1167,㈜한국품질보증원
국도화학(주),기후에너지환경부,사업장,합성고무 및 플라스틱 물질 제조업,64136,2028,로이드인증원㈜
국립대학법인 서울대학교,기후에너지환경부,업체,고등 교육기관,150776,3108,(재)한국품질재단
국립암센터,국토교통부,사업장,건물,20522,435,(주)한국경영인증원
국방과학연구소,국토교통부,사업장,건물,22491,464,(재)한국품질재단
국일제지(주),기후에너지환경부,사업장,"펄프, 종이 및 판지 제조업",31922,714,(주)한국경영인증원
국회사무처,국토교통부,사업장,건물,22871,480,한국표준협회
군산시,기후에너지환경부,사업장,폐기물 처리업,107270,597,㈜한국품질보증원
군포시,기후에너지환경부,사업장,폐기물 처리업,42825,413,㈜한국품질보증원
그린에어 주식회사,기후에너지환경부,업체,기초 화학물질 제조업,585121,12125,로이드인증원㈜
그린케미칼 주식회사,기후에너지환경부,사업장,기초 화학물질 제조업,56908,1291,한국가스안전공사
금강공업(주),산업통상자원부,사업장,비철금속,13809,238,(주)한국경영인증원
금진해운(주),해양수산부,사업장,교통(해운),15981,221,㈜디엔브이비즈니스어슈어런스코리아
금호고속(주),기후에너지환경부,업체,육상 여객 운송업,6064,126,(주)한국경영인증원
금호미쓰이화학 주식회사,기후에너지환경부,사업장,기초 화학물질 제조업,170330,3037,(재)한국품질재단
금호석유화학 주식회사,기후에너지환경부,업체,합성고무 및 플라스틱 물질 제조업,3308643,41212,한국표준협회
금호익스프레스 주식회사,기후에너지환경부,업체,육상 여객 운송업,100236,1438,(주)한국경영인증원
금호타이어(주),기후에너지환경부,업체,고무제품 제조업,260704,5354,지속가능인증원주식회사
금호폴리켐주식회사,기후에너지환경부,업체,합성고무 및 플라스틱 물질 제조업,328101,5564,(재)한국품질재단
금호피앤비화학 주식회사,기후에너지환경부,업체,기초 화학물질 제조업,803074,10775,로이드인증원㈜
기아(주),기후에너지환경부,업체,자동차용 엔진 및 자동차 제조업,709750,14534,로이드인증원㈜
기초과학연구원 ,국토교통부,사업장,건물,22733,485,한국표준협회
김천시,기후에너지환경부,사업장,"하수, 폐수 및 분뇨 처리업",43214,374,㈜한국품질보증원
김천에너지서비스주식회사,기후에너지환경부,업체,"증기, 냉ㆍ온수 및 공기 조절 공급업",689186,8017,한국표준협회
김포시,기후에너지환경부,사업장,폐기물 처리업,54659,602,한국표준협회
김포운수(주),기후에너지환경부,사업장,육상 여객 운송업,16961,315,(주)한국경영인증원
김해시,기후에너지환경부,사업장,폐기물 처리업,117612,1324,㈜한국품질보증원
깨끗한나라 주식회사,기후에너지환경부,업체,"펄프, 종이 및 판지 제조업",332386,4353,(재)한국품질재단
나래에너지서비스 주식회사,기후에너지환경부,업체,"증기, 냉ㆍ온수 및 공기 조절 공급업",1822245,36262,(주)한국경영인증원
나투라페이퍼 주식회사,기후에너지환경부,업체,"펄프, 종이 및 판지 제조업",165385,1215,한국표준협회
남강제지(주),기후에너지환경부,사업장,"펄프, 종이 및 판지 제조업",25510,223,(재)한국품질재단
남양금속주식회사,기후에너지환경부,사업장,"구조용 금속제품, 탱크 및 증기발생기 제조업",97314,1811,(재)한국화학융합시험연구원
남양유업(주),기후에너지환경부,사업장,낙농제품 및 식용 빙과류 제조업,80101,1864,로이드인증원㈜
남양주시,기후에너지환경부,업체,폐기물,78397,1065,(재)한국품질재단
남해화학(주),기후에너지환경부,사업장,"비료, 농약 및 살균ㆍ살충제 제조업",65183,965,대일이엔씨기술(주)
내포그린에너지(주),기후에너지환경부,사업장,"증기, 냉ㆍ온수 및 공기 조절 공급업",1033275,20617,대일이엔씨기술(주)
네이버 주식회사,기후에너지환경부,사업장,"자료 처리, 호스팅, 포털 및 기타 인터넷 정보 매개 서비스업",121187,2530,한국표준협회
네이처이앤티(주),기후에너지환경부,업체,폐기물 처리업,198107,438,(주)비에스아이그룹코리아
넥센타이어(주),기후에너지환경부,업체,고무제품 제조업,221463,4447,(주)한국경영인증원
노벨리스코리아 주식회사,기후에너지환경부,업체,1차 비철금속 제조업,294783,5978,(주)한국경영인증원
노을그린에너지 주식회사,산업통상자원부,사업장,전기업,76387,15,한국표준협회
녹십자,기후에너지환경부,사업장,의약품 제조업,64761,1650,(재)한국품질재단
논산시,기후에너지환경부,사업장,폐기물,21911,85,㈜한국품질보증원
농협은행 주식회사,국토교통부,업체,건물,91650,1386,한국표준협회
능원금속공업 주식회사,기후에너지환경부,사업장,1차 비철금속 제조업,23499,483,(주)한국경영인증원
단일가스켐(주),산업통상자원부,사업장,석유화학,43395,885,한국가스안전공사
담우물산(주),기후에너지환경부,사업장,"시멘트, 석회, 플라스터 및 그 외 제품 제조업",63424,203,(주)한국경영인증원
대구광역시,기후에너지환경부,업체,폐기물 처리업,474138,4905,㈜한국품질보증원
대구교통공사,기후에너지환경부,사업장,육상 여객 운송업,98437,2053,(주)한국경영인증원
대구그린파워(주),기후에너지환경부,업체,"증기, 냉ㆍ온수 및 공기 조절 공급업",661138,13158,(주)한국경영인증원
대구염색산업단지관리공단,기후에너지환경부,업체,"증기, 냉ㆍ온수 및 공기 조절 공급업",620336,7033,(주)한국경영인증원
대덕전자 주식회사,기후에너지환경부,사업장,전자 부품 제조업,136647,2848,한국표준협회
대동금속(주),기후에너지환경부,사업장,금속 주조업,31710,609,(재)한국화학융합시험연구원
대동산업주식회사,기후에너지환경부,사업장,"내화, 비내화 요업제품 제조업",19056,306,(주)한국경영인증원
대상 주식회사,기후에너지환경부,업체,"곡물 가공품, 전분 및 전분제품 제조업",430747,10078,한국표준협회
대성엠디아이(주),기후에너지환경부,사업장,"시멘트, 석회, 플라스터 및 그 외 제품 제조업",164740,822,(주)한국경영인증원
대성지엠텍(주),기후에너지환경부,업체,"시멘트, 석회, 플라스터 및 그 외 제품 제조업",112249,293,(주)한국경영인증원
대신정기화물자동차(주),기후에너지환경부,사업장,도로 화물 운송업,46233,658,한국표준협회
대양제지공업(주),기후에너지환경부,업체,"펄프, 종이 및 판지 제조업",72126,844,한국표준협회
대용산업,산업통상자원부,사업장,기계,16021,330,한국표준협회
대원강업(주),기후에너지환경부,사업장,자동차 신품 부품 제조업,48056,972,로이드인증원㈜
대원알텍 주식회사,기후에너지환경부,사업장,자동차 신품 부품 제조업,36825,753,(재)한국품질재단
대원화성(주),산업통상자원부,사업장,석유화학,9140,163,한국표준협회
대일개발 주식회사,기후에너지환경부,사업장,폐기물 처리업,55847,155,로이드인증원㈜
대전광역시,기후에너지환경부,업체,폐기물 처리업,362486,3059,(주)한국경영인증원
대전교통공사,국토교통부,사업장,교통(철도),19440,396,(주)신화엔지니어링종합건축사사무소
대전열병합발전주식회사,기후에너지환경부,업체,"증기, 냉ㆍ온수 및 공기 조절 공급업",133814,2718,한국표준협회
대전충남양돈농협 포크빌축산물공판장,농림축산식품부,사업장,식료품 제조업,15999,329,㈜한국품질보증원
대창단조(주),산업통상자원부,사업장,기계,9015,186,(주)한국경영인증원
대창운수(주),기후에너지환경부,사업장,육상 여객 운송업,22580,423,한국표준협회
대한광통신 주식회사,산업통상자원부,사업장,전기전자,7941,163,(주)한국경영인증원
대한방직(주),기후에너지환경부,사업장,"섬유제품 염색, 정리 및 마무리 가공업",28193,442,한국표준협회
대한사료(주),농림축산식품부,사업장,식료품 제조업,11356,232,대일이엔씨기술(주)
대한석탄공사,기후에너지환경부,업체,석탄 광업,61027,558,한국생산성본부인증원(주)
대한소결금속(주),산업통상자원부,사업장,자동차,19361,395,로이드인증원㈜
대한슬래그 주식회사,기후에너지환경부,사업장,기타 비금속 광물제품 제조업,29988,543,한국표준협회
대한시멘트주식회사,기후에너지환경부,사업장,"시멘트, 석회, 플라스터 및 그 외 제품 제조업",55732,1013,한국표준협회
대한약품공업(주),산업통상자원부,사업장,석유화학,26254,443,(주)한국경영인증원
대한유화 주식회사,기후에너지환경부,업체,기초 화학물질 제조업,1697905,34203,한국가스안전공사
대한전선 주식회사,기후에너지환경부,사업장,절연선 및 케이블 제조업,48101,968,(주)한국경영인증원
대한제강(주),기후에너지환경부,업체,1차 철강 제조업,298667,5419,한국표준협회
대한제당 주식회사,기후에너지환경부,사업장,기타 식품 제조업,63721,1272,㈜한국품질보증원
대한제분(주),농림축산식품부,사업장,식료품 제조업,21785,454,대일이엔씨기술(주)
대한제지주식회사,기후에너지환경부,업체,"펄프, 종이 및 판지 제조업",201421,2391,한국표준협회
대한조선주식회사,기후에너지환경부,사업장,선박 및 보트 건조업,67444,1064,(주)한국경영인증원
대한항공,기후에너지환경부,업체,항공 여객 운송업,425062,6505,㈜디엔브이비즈니스어슈어런스코리아
대한화섬(주),기후에너지환경부,사업장,화학섬유 제조업,47098,1033,한국표준협회
더블유스코프코리아(주),산업통상자원부,사업장,석유화학,22707,900,㈜한국품질보증원
더블유씨피 주식회사,기후에너지환경부,사업장,플라스틱 제품 제조업,96802,2086,㈜한국품질보증원
도레이배터리세퍼레이터필름 한국유한회사,기후에너지환경부,사업장,일차전지 및 축전지 제조업,101441,2071,㈜한국품질보증원
도레이비에스에프코팅한국 유한회사,기후에너지환경부,사업장,일차전지 및 축전지 제조업,86241,458,㈜디엔브이비즈니스어슈어런스코리아
도레이첨단소재 주식회사,기후에너지환경부,업체,합성고무 및 플라스틱 물질 제조업,602557,12138,(주)비에스아이그룹코리아
도명특송(주),기후에너지환경부,사업장,도로 화물 운송업,20832,296,한국표준협회
동국산업(주),기후에너지환경부,사업장,1차 철강 제조업,41354,840,한국표준협회
동국씨엠 주식회사,기후에너지환경부,업체,1차 철강 제조업,287890,6267,(재)한국품질재단
동국제강 주식회사,기후에너지환경부,업체,1차 철강 제조업,1297673,22387,(재)한국품질재단
동국홀딩스 주식회사,기후에너지환경부,업체,부동산 임대 및 공급업,762,14,(재)한국품질재단
동두천드림파워,기후에너지환경부,업체,전기업,2843691,56502,대일이엔씨기술(주)
동서석유화학 주식회사,기후에너지환경부,업체,기초 화학물질 제조업,334298,1953,로이드인증원㈜
동서식품(주),기후에너지환경부,사업장,기타 식품 제조업,119966,2604,(재)한국품질재단
동서페더럴모굴(주),산업통상자원부,사업장,자동차,18570,377,(주)비에스아이그룹코리아
동성교통(주),국토교통부,사업장,교통(여객),14904,282,(주)한국경영인증원
동성화물자동차(주),국토교통부,사업장,교통(화물),13798,196,(주)한국경영인증원
동성화학공업(주),산업통상자원부,사업장,석유화학,11609,237,한국표준협회
동아운수(주),국토교통부,사업장,교통(여객),15685,297,(주)한국경영인증원
동양산업(주),산업통상자원부,사업장,자동차,14751,307,(주)한국경영인증원
동양피스톤(주),기후에너지환경부,사업장,자동차 신품 부품 제조업,26919,554,(주)한국경영인증원
동우화인켐주식회사,기후에너지환경부,업체,사진장비 및 광학 기기 제조업,330980,5266,(재)한국품질재단
동원로엑스(주),기후에너지환경부,사업장,도로 화물 운송업,55333,900,한국표준협회
동원산업(주),해양수산부,사업장,수산,6769,99,(주)한국경영인증원
동원시스템즈(주),기후에너지환경부,업체,유리 및 유리제품 제조업,264278,4458,(재)한국품질재단
동원페이퍼(주),기후에너지환경부,사업장,"펄프, 종이 및 판지 제조업",105488,1508,㈜한국품질보증원
동은단조(주),산업통상자원부,사업장,자동차,34576,717,㈜한국품질보증원
동일산업주식회사,기후에너지환경부,업체,1차 철강 제조업,231725,2822,한국표준협회
동일제강(주),산업통상자원부,사업장,철강,18515,347,한국표준협회
동일팩키지(주),기후에너지환경부,사업장,"펄프, 종이 및 판지 제조업",47189,409,(재)한국품질재단
동해시,기후에너지환경부,사업장,폐기물,18802,8,(재)한국품질재단
동호칼슘(주),산업통상자원부,사업장,석유화학,18229,284,한국표준협회
동화기업(주),기후에너지환경부,사업장,나무제품 제조업,138621,2700,한국표준협회
동화지앤피 주식회사,산업통상자원부,사업장,유리,22290,343,(재)한국화학융합시험연구원
동희오토(주),기후에너지환경부,사업장,자동차용 엔진 및 자동차 제조업,40971,827,(주)한국경영인증원
두산에너빌리티(주),기후에너지환경부,업체,1차 철강 제조업,235252,4498,(재)한국품질재단
두원중공업(주),기후에너지환경부,사업장,일반 목적용 기계 제조업,23166,497,(주)신화엔지니어링종합건축사사무소
디아이동일 주식회사,산업통상자원부,사업장,비철금속,19058,396,한국표준협회
디아이지에어가스 주식회사,기후에너지환경부,업체,기초 화학물질 제조업,844157,17586,㈜한국품질보증원
디에스파워 주식회사,기후에너지환경부,업체,"증기, 냉ㆍ온수 및 공기 조절 공급업",994942,19769,(주)한국경영인증원
디엘 주식회사,기후에너지환경부,업체,합성고무 및 플라스틱 물질 제조업,39,0,한국가스안전공사
디엘건설(주),국토교통부,사업장,건설,28938,525,한국표준협회
디엘모터스(주),기후에너지환경부,사업장,자동차 신품 부품 제조업,50711,1040,(주)한국경영인증원
디엘에프엔씨 주식회사,기후에너지환경부,사업장,플라스틱 제품 제조업,22822,472,한국가스안전공사
디엘이앤씨(주),국토교통부,업체,건설,53238,1015,한국표준협회
디엘케미칼 주식회사,기후에너지환경부,업체,합성고무 및 플라스틱 물질 제조업,236065,4532,한국가스안전공사
디케이동신(주),기후에너지환경부,사업장,1차 철강 제조업,27447,508,한국표준협회
롯데건설(주),국토교통부,업체,건설,52420,1031,한국표준협회
롯데관광개발 주식회사,국토교통부,사업장,일반 및 생활 숙박시설 운영업,32367,666,한국표준협회
롯데글로벌로지스(주),기후에너지환경부,사업장,도로 화물 운송업,60296,1167,한국표준협회
롯데네슬레코리아(주),기후에너지환경부,사업장,기타 식품 제조업,29848,617,(재)한국품질재단
롯데물산(주),기후에너지환경부,사업장,부동산 임대 및 공급업,40273,773,(주)한국경영인증원
롯데베르살리스엘라스토머스(주),기후에너지환경부,사업장,합성고무 및 플라스틱 물질 제조업,143286,2715,한국표준협회
롯데쇼핑 주식회사,기후에너지환경부,업체,종합 소매업,717398,14600,한국표준협회
롯데에너지머티리얼즈(주),기후에너지환경부,사업장,전자 부품 제조업,98944,2153,㈜디엔브이비즈니스어슈어런스코리아
롯데엠시시 주식회사,기후에너지환경부,업체,기초 화학물질 제조업,285111,2777,한국표준협회
롯데웰푸드(주),기후에너지환경부,업체,기타 식품 제조업,206189,4235,(주)한국경영인증원
롯데이네오스화학 주식회사,기후에너지환경부,업체,기초 화학물질 제조업,250209,3472,한국표준협회
롯데정밀화학 주식회사,기후에너지환경부,업체,기초 화학물질 제조업,677663,15626,로이드인증원㈜
롯데지에스화학주식회사,산업통상자원부,사업장,석유화학,126466,1959,(재)한국품질재단
롯데칠성음료 주식회사,기후에너지환경부,업체,비알코올 음료 및 얼음 제조업,155782,2923,(주)한국경영인증원
롯데컬처웍스 주식회사,국토교통부,업체,건물,49958,1000,한국표준협회
롯데케미칼 주식회사,기후에너지환경부,업체,기초 화학물질 제조업,5902878,113070,(재)한국품질재단
롯데패키징솔루션즈 주식회사,산업통상자원부,업체,기계,54112,1034,(재)한국품질재단
르노코리아 주식회사,기후에너지환경부,사업장,자동차용 엔진 및 자동차 제조업,65292,1369,(주)한국경영인증원
리뉴랜드경주 주식회사,기후에너지환경부,업체,폐기물 처리업,111733,31,대일이엔씨기술(주)
리뉴에너지경기 주식회사,기후에너지환경부,사업장,폐기물 처리업,56518,90,대일이엔씨기술(주)
리뉴에너지경북 주식회사,기후에너지환경부,사업장,폐기물 처리업,70426,205,대일이엔씨기술(주)
리뉴에너지그린 주식회사,기후에너지환경부,사업장,폐기물 처리업,53590,40,대일이엔씨기술(주)
리뉴에너지대원 주식회사,기후에너지환경부,사업장,폐기물 처리업,67197,378,대일이엔씨기술(주)
리뉴에너지새한 주식회사,기후에너지환경부,사업장,폐기물 처리업,82836,135,대일이엔씨기술(주)
리뉴에너지충북(주),기후에너지환경부,업체,폐기물 처리업,191548,211,한국표준협회
리뉴에너지충청(주),기후에너지환경부,사업장,폐기물 처리업,58486,126,대일이엔씨기술(주)
린데코리아 주식회사,기후에너지환경부,업체,기초 화학물질 제조업,938587,18818,(재)한국품질재단
마이크로소프트5673코리아 유한책임회사,산업통상자원부,사업장,"자료 처리, 호스팅, 포털 및 기타 인터넷 정보 매개 서비스업",62662,1309,한국표준협회
만호제강(주),기후에너지환경부,사업장,1차 철강 제조업,34404,700,한국표준협회
매그나칩반도체(유),기후에너지환경부,업체,반도체 제조업,82292,1394,(주)비에스아이그룹코리아
매일유업(주),기후에너지환경부,사업장,낙농제품 및 식용 빙과류 제조업,110178,2196,(주)한국경영인증원
명화공업(주),기후에너지환경부,사업장,자동차 신품 부품 제조업,39957,817,로이드인증원㈜
모나용평 주식회사,기후에너지환경부,사업장,일반 및 생활 숙박시설 운영업,34759,693,(재)한국품질재단
목포시,기후에너지환경부,사업장,폐기물 처리업,57706,375,㈜한국품질보증원
무림에스피(주),기후에너지환경부,사업장,"펄프, 종이 및 판지 제조업",47064,950,한국표준협회
무림파워텍 주식회사,기후에너지환경부,업체,"증기, 냉ㆍ온수 및 공기 조절 공급업",164636,2228,한국표준협회
무림페이퍼(주),기후에너지환경부,업체,"펄프, 종이 및 판지 제조업",179950,3523,한국표준협회
무림피앤피(주),기후에너지환경부,업체,"펄프, 종이 및 판지 제조업",252175,13867,한국표준협회
무안군,기후에너지환경부,사업장,폐기물,17472,110,㈜한국품질보증원
미래나노텍(주),산업통상자원부,사업장,전기전자,32578,572,(주)한국경영인증원
미원상사(주),산업통상자원부,사업장,석유화학,64934,1197,대일이엔씨기술(주)
미원스페셜티케미칼(주),기후에너지환경부,사업장,기초 화학물질 제조업,73595,1432,(주)한국경영인증원
밀양시,기후에너지환경부,사업장,폐기물,5039,5,㈜한국품질보증원
바스프퍼포먼스폴리아마이드코리아 주식회사,기후에너지환경부,사업장,기초 화학물질 제조업,71387,1625,한국표준협회
백광산업 주식회사,기후에너지환경부,업체,기초 화학물질 제조업,216598,4310,한국표준협회
버슘머트리얼즈피엠코리아,기후에너지환경부,사업장,기초 화학물질 제조업,19678,410,로이드인증원㈜
범일운수,국토교통부,사업장,교통(여객),16294,307,(주)한국경영인증원
베올리아워터코리아대산(주),기후에너지환경부,사업장,수도업,89082,1859,(주)한국경영인증원
베페사징크코리아(주),산업통상자원부,사업장,1차 비철금속 제조업,106400,150,(재)한국화학융합시험연구원
보령시,기후에너지환경부,사업장,폐기물 처리업,51879,312,㈜한국품질보증원
보령엘엔지터미널 주식회사,기후에너지환경부,사업장,연료용 가스 제조 및 배관공급업,60929,1229,대일이엔씨기술(주)
보영운수(주),국토교통부,사업장,교통(여객),12874,230,한국표준협회
보임열병합발전 주식회사,기후에너지환경부,업체,"증기, 냉ㆍ온수 및 공기 조절 공급업",910533,9795,로이드인증원㈜
볼보그룹코리아(주),산업통상자원부,사업장,기계,16157,318,한국표준협회
부경산업(주),기후에너지환경부,사업장,폐기물 처리업,65958,132,로이드인증원㈜
부산광역시,기후에너지환경부,업체,폐기물 처리업,745005,8114,지속가능인증원주식회사
부산교통공사,기후에너지환경부,업체,육상 여객 운송업,157182,3280,한국표준협회
부산그린에너지(주),산업통상자원부,사업장,발전에너지,123447,0,한국표준협회
부산그린파워(주),기후에너지환경부,사업장,폐기물 처리업,35650,12,(주)한국경영인증원
부산대학교,국토교통부,사업장,건물,28575,648,㈜한국품질보증원
부산대학교병원,국토교통부,사업장,건물,39331,819,한국표준협회
부산신항국제터미널(주),해양수산부,사업장,기타 운송관련 서비스업,29880,1822,로이드인증원㈜
부산신항만주식회사,해양수산부,사업장,기타 운송관련 서비스업,51412,1018,한국표준협회
부산정관에너지(주),기후에너지환경부,사업장,"증기, 냉ㆍ온수 및 공기 조절 공급업",70101,1396,(주)신화엔지니어링종합건축사사무소
부산주공(주),기후에너지환경부,사업장,자동차 신품 부품 제조업,87529,1637,㈜한국품질보증원
부산패션칼라산업협동조합,기후에너지환경부,업체,"증기, 냉ㆍ온수 및 공기 조절 공급업",115889,1636,(주)한국경영인증원
부산항터미널주식회사,해양수산부,사업장,항만,47455,886,(주)한국경영인증원
부천시,기후에너지환경부,업체,"하수, 폐수 및 분뇨 처리업",162602,1595,㈜한국품질보증원
브리티쉬아메리칸토바코코리아제조(주),농림축산식품부,사업장,담배제조업,17936,462,한국표준협회
브이피에이치메탈 유한회사,기후에너지환경부,사업장,자동차 신품 부품 제조업,30954,574,㈜한국품질보증원
비노텍 주식회사,기후에너지환경부,사업장,폐기물 처리업,107519,63,(주)한국경영인증원
비를라카본코리아(주),기후에너지환경부,업체,기초 화학물질 제조업,124148,488,㈜디엔브이비즈니스어슈어런스코리아
비테스코테크놀로지스코리아 유한책임회사,산업통상자원부,사업장,자동차,17339,357,(주)한국경영인증원
빛고을에코에너지 주식회사,산업통상자원부,사업장,발전에너지,51369,0,한국표준협회
사천시,기후에너지환경부,사업장,지정외 폐기물처리업 등,33583,128,㈜한국품질보증원
사회복지법인 삼성생명공익재단,기후에너지환경부,사업장,병원,85651,1757,(재)한국품질재단
삼강에스앤씨(주),기후에너지환경부,사업장,선박 및 보트 건조업,18197,324,(재)한국품질재단
삼남석유화학주식회사,기후에너지환경부,업체,기초 화학물질 제조업,185782,2416,한국표준협회
삼목에스폼(주),기후에너지환경부,업체,1차 비철금속 제조업,32565,598,한국표준협회
삼미금속(주),산업통상자원부,사업장,철강,15867,322,한국표준협회
삼보산업 주식회사,기후에너지환경부,사업장,1차 비철금속 제조업,34132,523,한국표준협회
삼성디스플레이 주식회사,기후에너지환경부,업체,전자 부품 제조업,4000544,61025,(재)한국품질재단
삼성물산 주식회사,기후에너지환경부,사업장,건물 건설업,93059,2036,(주)비에스아이그룹코리아
삼성바이오로직스 주식회사,기후에너지환경부,사업장,기초 의약 물질 및 생물학적 제제 제조업,226519,4651,대일이엔씨기술(주)
삼성생명보험 주식회사,국토교통부,업체,건물,60113,763,(재)한국품질재단
삼성에스디아이 주식회사,기후에너지환경부,업체,일차전지 및 축전지 제조업,572209,11818,한국표준협회
삼성에스디에스(주),기후에너지환경부,사업장,"컴퓨터 프로그래밍, 시스템 통합 및 관리업",173674,3622,(주)한국경영인증원
삼성전기 주식회사,기후에너지환경부,업체,전자 부품 제조업,456652,9783,(주)비에스아이그룹코리아
삼성전자 주식회사,기후에너지환경부,업체,반도체 제조업,13594735,258073,(재)한국품질재단
삼성중공업 주식회사,기후에너지환경부,업체,선박 및 보트 건조업,528395,9155,한국표준협회
삼성코닝어드밴스드글라스 유한회사,기후에너지환경부,사업장,유리 및 유리제품 제조업,49859,1017,로이드인증원㈜
삼신정밀(주),산업통상자원부,사업장,철강,25602,527,한국표준협회
삼아알미늄주식회사,산업통상자원부,사업장,비철금속,20535,399,한국표준협회
삼양식품(주),기후에너지환경부,사업장,기타 식품 제조업,72404,1497,(주)비에스아이그룹코리아
삼양이노켐 주식회사,기후에너지환경부,사업장,기초 화학물질 제조업,99485,1777,한국표준협회
삼양화성주식회사,기후에너지환경부,사업장,합성고무 및 플라스틱 물질 제조업,80044,1853,한국표준협회
삼양화인테크놀로지(주),산업통상자원부,사업장,합성고무 및 플라스틱 물질 제조업,31163,364,한국표준협회
삼영운수(주),기후에너지환경부,사업장,육상 여객 운송업,20143,372,한국표준협회
삼영전자공업(주),기후에너지환경부,업체,기타 금속 가공제품 제조업,29094,668,(주)한국경영인증원
삼정펄프(주),기후에너지환경부,업체,"펄프, 종이 및 판지 제조업",143169,1912,(주)비에스아이그룹코리아
삼지금속공업 주식회사,산업통상자원부,사업장,비철금속,17930,193,한국표준협회
삼표시멘트,기후에너지환경부,업체,"시멘트, 석회, 플라스터 및 그 외 제품 제조업",4998174,31009,(재)한국품질재단
삼표자원개발주식회사,기후에너지환경부,사업장,토사석 광업,29506,524,(재)한국품질재단
삼표해운주식회사,기후에너지환경부,사업장,해상 운송업,70239,969,(재)한국품질재단
삼호제강주식회사,산업통상자원부,사업장,철강,12712,255,(주)한국경영인증원
삼화왕관(주),산업통상자원부,사업장,기계,19197,387,한국표준협회
삼화제지(주),기후에너지환경부,업체,"펄프, 종이 및 판지 제조업",28988,624,한국표준협회
삼화콘덴서공업(주),산업통상자원부,사업장,전기전자,25292,527,한국표준협회
삼흥열처리,기후에너지환경부,사업장,기타 금속 가공제품 제조업,30191,622,(주)한국경영인증원
상지해운(주),해양수산부,사업장,교통(해운),19349,266,(재)한국품질재단
새론오토모티브(주),산업통상자원부,사업장,자동차,15659,317,(주)한국경영인증원
새한특수(주),국토교통부,사업장,교통(화물),16865,239,한국표준협회
생고뱅이소바코리아 주식회사,기후에너지환경부,사업장,유리 및 유리제품 제조업,38864,774,(주)한국경영인증원
서산시,기후에너지환경부,사업장,하수처리업,20284,210,한국표준협회
서영주정(주),기후에너지환경부,사업장,알코올 음료 제조업,30156,412,한국표준협회
서울교통공사,기후에너지환경부,업체,육상 여객 운송업,650164,13575,대일이엔씨기술(주)
서울교통네트웍(주),국토교통부,사업장,교통(여객),13583,259,(주)한국경영인증원
서울냉열(주),산업통상자원부,사업장,석유화학,17063,356,(주)한국경영인증원
서울대학교병원,기후에너지환경부,사업장,병원,92838,1935,한국표준협회
서울바이오시스(주),기후에너지환경부,사업장,반도체 제조업,61646,1276,로이드인증원㈜
서울시메트로 9호선(주),기후에너지환경부,사업장,육상 여객 운송업,53211,1109,(주)한국경영인증원
서울에너지공사,기후에너지환경부,업체,"증기, 냉ㆍ온수 및 공기 조절 공급업",300444,6361,한국표준협회
서울우유협동조합,기후에너지환경부,업체,낙농제품 및 식용 빙과류 제조업,73904,1415,한국표준협회
서울특별시,기후에너지환경부,업체,폐기물 처리업,1360897,13003,(재)한국품질재단
서울특별시농수산식품공사,기후에너지환경부,사업장,부동산 임대 및 공급업,63908,1328,(주)한국경영인증원
서진산업(주),산업통상자원부,사업장,자동차,16623,317,한국표준협회
서한이앤피주식회사,기후에너지환경부,사업장,기타 금속 가공제품 제조업,57373,1141,(주)한국경영인증원
서해그린환경(주),기후에너지환경부,사업장,폐기물 처리업,93483,212,(재)한국품질재단
선도화학(주),산업통상자원부,사업장,기초 화학물질 제조업,23759,496,한국가스안전공사
선진버스(주),기후에너지환경부,사업장,육상 여객 운송업,17365,321,(주)한국경영인증원
성남시,기후에너지환경부,업체,폐기물 처리업,243032,2335,㈜한국품질보증원
성남시내버스(주),기후에너지환경부,사업장,육상 여객 운송업,24814,477,㈜한국품질보증원
성림유화 주식회사,기후에너지환경부,업체,폐기물 처리업,255697,216,로이드인증원㈜
성보공업(주),산업통상자원부,사업장,철강,15007,292,한국표준협회
성신씨엠 주식회사,기후에너지환경부,사업장,"시멘트, 석회, 플라스터 및 그 외 제품 제조업",16848,344,로이드인증원㈜
성신양회(주),기후에너지환경부,업체,"시멘트, 석회, 플라스터 및 그 외 제품 제조업",4072874,22552,한국표준협회
성안합섬(주),기후에너지환경부,사업장,화학섬유 제조업,92,1,(주)한국경영인증원
성우해운주식회사,해양수산부,사업장,교통(해운),20467,281,한국표준협회
성일요업주식회사,산업통상자원부,사업장,요업,18605,323,한국표준협회
성일하이텍(주),산업통상자원부,사업장,1차 비철금속 제조업,26083,440,(주)한국경영인증원
성창보드(주),기후에너지환경부,사업장,나무제품 제조업,30386,619,㈜한국품질보증원
성훈엔지니어링주식회사,기후에너지환경부,사업장,1차 비철금속 제조업,39339,784,한국가스안전공사
세메스(주),기후에너지환경부,사업장,특수 목적용 기계 제조업,41805,727,한국표준협회
세방(주),기후에너지환경부,사업장,도로 화물 운송업,27838,436,(주)한국경영인증원
세방전지(주),기후에너지환경부,업체,일차전지 및 축전지 제조업,147941,3054,(주)한국경영인증원
세종특별자치시,기후에너지환경부,사업장,"하수, 폐수 및 분뇨 처리업",53883,595,(재)한국품질재단
셀트리온,기후에너지환경부,사업장,기초 의약 물질 및 생물학적 제제 제조업,79174,1656,(주)한국경영인증원
셰플러코리아 유한책임회사,기후에너지환경부,사업장,일반 목적용 기계 제조업,71392,1480,로이드인증원㈜
소신여객자동차(주),기후에너지환경부,사업장,육상 여객 운송업,15756,310,한국표준협회
속초시,기후에너지환경부,사업장,폐기물,35408,290,(주)한국경영인증원
솔베이실리카코리아(주),기후에너지환경부,사업장,기초 화학물질 제조업,35404,757,대일이엔씨기술(주)
솔브레인 주식회사,산업통상자원부,사업장,석유화학,48230,1092,한국표준협회
솔브레인에스엘디 주식회사,기후에너지환경부,사업장,전자 부품 제조업,30391,579,한국표준협회
송원산업(주),기후에너지환경부,업체,기타 화학제품 제조업,143654,2913,한국표준협회
송학제지(주),기후에너지환경부,사업장,"펄프, 종이 및 판지 제조업",50,0,(주)한국경영인증원
수도권매립지관리공사,기후에너지환경부,업체,폐기물 처리업,1006395,4386,(주)한국경영인증원
수양물류주식회사,국토교통부,사업장,육상운송 및 파이프라인 운송업,24132,343,한국표준협회
수완에너지 주식회사,기후에너지환경부,업체,"증기, 냉ㆍ온수 및 공기 조절 공급업",158941,3154,대일이엔씨기술(주)
수원시,기후에너지환경부,업체,폐기물 처리업,194918,2255,㈜한국품질보증원
수원애경역사 주식회사,국토교통부,사업장,건물,14845,306,한국표준협회
수원여객운수(주),기후에너지환경부,사업장,육상 여객 운송업,19546,386,한국표준협회
수협노량진수산 주식회사,국토교통부,사업장,건물,16654,347,(주)한국경영인증원
순천시,기후에너지환경부,사업장,"하수, 폐수 및 분뇨 처리업",57853,436,(주)한국경영인증원
스미토모세이카폴리머스코리아(주),기후에너지환경부,사업장,합성고무 및 플라스틱 물질 제조업,34627,1508,로이드인증원㈜
스테코(주),기후에너지환경부,사업장,전자 부품 제조업,42075,876,한국표준협회
스템코(주),기후에너지환경부,사업장,반도체 제조업,48982,1046,(주)한국경영인증원
스틸싸이클 주식회사,기후에너지환경부,사업장,1차 비철금속 제조업,78531,803,한국표준협회
스틸싸이클에스씨(주),기후에너지환경부,사업장,1차 비철금속 제조업,5884,80,한국표준협회
시그네틱스(주),기후에너지환경부,사업장,반도체 제조업,34225,710,(주)한국경영인증원
시흥시,기후에너지환경부,사업장,폐기물 처리업,99448,1020,(주)비에스아이그룹코리아
신대양제지(주),기후에너지환경부,업체,"펄프, 종이 및 판지 제조업",241875,2987,한국표준협회
신대양제지반월(주),기후에너지환경부,사업장,"펄프, 종이 및 판지 제조업",119528,1466,한국표준협회
신대일페이퍼 주식회사,기후에너지환경부,사업장,"펄프, 종이 및 판지 제조업",85611,904,(주)한국경영인증원
신대한정유산업 주식회사,기후에너지환경부,사업장,폐기물 처리업,96976,253,(주)한국경영인증원
신도림테크노마트 주식회사,국토교통부,사업장,건물,15253,316,(주)한국경영인증원
신분당선(주),기후에너지환경부,사업장,육상 여객 운송업,26382,550,(주)한국경영인증원
신성교통(주),기후에너지환경부,사업장,육상 여객 운송업,10449,194,대일이엔씨기술(주)
신안종합리조트(주),국토교통부,사업장,건물,16252,326,(주)한국경영인증원
신창제지공업주식회사,기후에너지환경부,사업장,"펄프, 종이 및 판지 제조업",23065,556,한국표준협회
신평택발전(주),기후에너지환경부,업체,전기업,1883760,37400,(주)신화엔지니어링종합건축사사무소
신화인터텍(주),산업통상자원부,사업장,전기전자,14440,295,로이드인증원㈜
쌍용기초소재(주),산업통상자원부,사업장,시멘트,20512,377,로이드인증원㈜
쌍용씨앤이(주),기후에너지환경부,업체,"시멘트, 석회, 플라스터 및 그 외 제품 제조업",10574492,62302,한국표준협회
씨엔씨티에너지 주식회사,기후에너지환경부,사업장,"증기, 냉ㆍ온수 및 공기 조절 공급업",25906,521,로이드인증원㈜
씨월드고속훼리(주),기후에너지환경부,사업장,해상 운송업,108976,1498,(주)한국경영인증원
씨이케이 주식회사,기후에너지환경부,업체,폐기물 처리업,226301,1306,(재)한국품질재단
씨제이씨지브이 주식회사,국토교통부,업체,건물,69504,1397,(주)한국경영인증원
씨지앤대산전력(주),산업통상자원부,업체,전기업,15848,242,㈜한국품질보증원
씨지앤율촌전력 주식회사,기후에너지환경부,업체,전기업,1988171,39590,㈜한국품질보증원
아반스트레이트코리아 주식회사,기후에너지환경부,사업장,유리 및 유리제품 제조업,0,0,㈜한국품질보증원
아산시,기후에너지환경부,사업장,폐기물 처리업,108502,1048,㈜한국품질보증원
아세아시멘트 주식회사,기후에너지환경부,업체,"시멘트, 석회, 플라스터 및 그 외 제품 제조업",2114034,13832,한국표준협회
아세아제지(주),기후에너지환경부,업체,"펄프, 종이 및 판지 제조업",466661,4339,한국표준협회
아시아나항공,기후에너지환경부,업체,항공 여객 운송업,306178,4511,㈜디엔브이비즈니스어슈어런스코리아
아주대학교의료원,기후에너지환경부,사업장,병원,28391,581,한국생산성본부인증원(주)
아주스틸(주),산업통상자원부,사업장,기계,13780,255,한국표준협회
안동시,기후에너지환경부,사업장,수도사업,16774,166,(재)한국화학융합시험연구원
안산도시개발(주),기후에너지환경부,사업장,"증기, 냉ㆍ온수 및 공기 조절 공급업",27470,615,(재)한국품질재단
안산시,기후에너지환경부,업체,"하수, 폐수 및 분뇨 처리업",114730,1443,㈜한국품질보증원
안양시,기후에너지환경부,사업장,"하수, 폐수 및 분뇨 처리업",95365,1059,㈜한국품질보증원
애경케미칼(주),기후에너지환경부,업체,기초 화학물질 제조업,165838,1828,(주)한국경영인증원
양산시,기후에너지환경부,사업장,폐기물 처리업,94700,830,㈜한국품질보증원
양주시,기후에너지환경부,사업장,폐기물 처리업,70705,922,㈜한국품질보증원
어프로티움 주식회사,기후에너지환경부,업체,기초 화학물질 제조업,328313,3503,(재)한국품질재단
에너원(주),기후에너지환경부,사업장,"증기, 냉ㆍ온수 및 공기 조절 공급업",41855,484,(주)한국경영인증원
에드워드코리아(주),산업통상자원부,사업장,기계,12269,257,한국표준협회
에스앤에스아이앤씨(주),산업통상자원부,사업장,자동차,18223,380,(재)한국품질재단
에스앤티모티브 주식회사,산업통상자원부,사업장,자동차,19561,406,한국표준협회
에스에스엘엠 주식회사,산업통상자원부,사업장,전기전자,19323,395,한국표준협회
에스엔에프코리아(주),기후에너지환경부,사업장,기타 화학제품 제조업,45645,1063,(주)한국경영인증원
에스엘 주식회사,산업통상자원부,업체,전기전자,54187,1126,(재)한국품질재단
에스와이에너지 주식회사,기후에너지환경부,사업장,나무제품 제조업,26030,800,(재)한국품질재단
에스지씨솔루션 주식회사,기후에너지환경부,업체,유리 및 유리제품 제조업,161621,2646,(재)한국품질재단
에스지씨에너지 주식회사,기후에너지환경부,업체,유리 및 유리제품 제조업,1780408,46581,㈜디엔브이비즈니스어슈어런스코리아
에스케이 주식회사,기후에너지환경부,업체,"컴퓨터 프로그래밍, 시스템 통합 및 관리업",136656,2846,한국표준협회
에스케이가스(주),산업통상자원부,사업장,발전에너지,14853,241,(재)한국품질재단
에스케이네트웍스 주식회사,국토교통부,사업장,건물,23447,478,(주)비에스아이그룹코리아
에스케이넥실리스 주식회사,기후에너지환경부,사업장,1차 비철금속 제조업,125554,2604,(주)한국경영인증원
에스케이마이크로웍스 주식회사,기후에너지환경부,업체,플라스틱 제품 제조업,154240,3164,한국표준협회
에스케이마이크로웍스솔루션즈 주식회사,기후에너지환경부,사업장,플라스틱 제품 제조업,38406,673,(재)한국품질재단
에스케이멀티유틸리티 주식회사,기후에너지환경부,업체,"증기, 냉ㆍ온수 및 공기 조절 공급업",356042,4286,(재)한국품질재단
에스케이바이오사이언스(주),산업통상자원부,사업장,석유화학,17352,356,(재)한국품질재단
에스케이스페셜티 주식회사,기후에너지환경부,업체,기초 화학물질 제조업,261423,5416,한국가스안전공사
에스케이실트론 주식회사,기후에너지환경부,업체,반도체 제조업,410642,8623,로이드인증원㈜
에스케이씨 주식회사,기후에너지환경부,업체,플라스틱 제품 제조업,1437,28,한국표준협회
에스케이아이이테크놀로지주식회사,기후에너지환경부,사업장,일차전지 및 축전지 제조업,75145,1540,한국표준협회
에스케이어드밴스드주식회사,기후에너지환경부,업체,기초 화학물질 제조업,529742,10547,한국표준협회
에스케이에너지 주식회사,기후에너지환경부,업체,석유 정제품 제조업,7146701,75417,한국표준협회
에스케이에어플러스 주식회사,기후에너지환경부,업체,기초 화학물질 제조업,331712,6936,한국표준협회
에스케이에코프라임 주식회사,기후에너지환경부,업체,기타 화학제품 제조업,34212,588,(재)한국품질재단
에스케이에코플랜트(주),국토교통부,사업장,건설,25242,516,(주)한국경영인증원
에스케이엔무브 주식회사,기후에너지환경부,업체,석유 정제품 제조업,169022,5954,한국표준협회
에스케이엔텀 주식회사,기후에너지환경부,업체,보관 및 창고업,36958,1729,한국표준협회
에스케이오션플랜트(주),산업통상자원부,사업장,조선,18207,325,한국표준협회
에스케이온 주식회사,기후에너지환경부,업체,일차전지 및 축전지 제조업,160618,3325,한국표준협회
에스케이지오센트릭 주식회사,기후에너지환경부,업체,기초 화학물질 제조업,2541554,50144,한국표준협회
에스케이케미칼(주),기후에너지환경부,업체,합성고무 및 플라스틱 물질 제조업,222379,4056,(재)한국품질재단
에스케이키파운드리 주식회사,기후에너지환경부,업체,반도체 제조업,290381,3648,(주)비에스아이그룹코리아
에스케이텔레콤 주식회사,기후에너지환경부,업체,전기 통신업,1166518,24364,㈜디엔브이비즈니스어슈어런스코리아
에스케이피아이씨글로벌 주식회사,기후에너지환경부,업체,기초 화학물질 제조업,540380,9598,한국표준협회
에스케이하이닉스 시스템아이씨(주),기후에너지환경부,업체,반도체 제조업,125,2,(주)비에스아이그룹코리아
에스케이하이닉스 주식회사,기후에너지환경부,업체,반도체 제조업,4848541,94903,(주)비에스아이그룹코리아
에스티엠 주식회사,기후에너지환경부,사업장,일차전지 및 축전지 제조업,54647,1141,한국표준협회
에스폼(주),기후에너지환경부,사업장,1차 비철금속 제조업,0,0,한국표준협회
에스피엘(주),기후에너지환경부,사업장,기타 식품 제조업,28691,646,(주)비에스아이그룹코리아
에어리퀴드코리아 주식회사,기후에너지환경부,업체,기초 화학물질 제조업,258580,3046,로이드인증원㈜
에어부산(주),기후에너지환경부,업체,항공 여객 운송업,163093,2341,한국표준협회
에어서울 주식회사,국토교통부,사업장,항공 여객 운송업,21973,315,한국표준협회
에어프로덕츠코리아 주식회사,기후에너지환경부,업체,기초 화학물질 제조업,792284,16358,로이드인증원㈜
에이에스이코리아주식회사,기후에너지환경부,사업장,반도체 제조업,103083,2134,㈜디엔브이비즈니스어슈어런스코리아
에이지씨디스플레이글라스오창주식회사,산업통상자원부,사업장,유리,12558,262,㈜디엔브이비즈니스어슈어런스코리아
에이지씨화인테크노한국주식회사,기후에너지환경부,업체,유리 및 유리제품 제조업,200216,4022,㈜디엔브이비즈니스어슈어런스코리아
에이치디씨아이파크몰 주식회사,국토교통부,사업장,건물,19898,410,(주)한국경영인증원
에이치디씨폴리올(주),산업통상자원부,사업장,석유화학,33360,565,한국표준협회
에이치디씨현대산업개발(주),국토교통부,사업장,건설,24640,504,한국표준협회
에이치디씨현대이피 주식회사,산업통상자원부,사업장,석유화학,20719,388,한국표준협회
에이치디현대미포 주식회사,기후에너지환경부,업체,선박 및 보트 건조업,166913,3009,한국표준협회
에이치디현대삼호 주식회사,기후에너지환경부,업체,선박 및 보트 건조업,276469,4802,㈜디엔브이비즈니스어슈어런스코리아
에이치디현대에너지솔루션(주),기후에너지환경부,사업장,반도체 제조업,19982,401,(주)한국경영인증원
에이치디현대오씨아이 주식회사,기후에너지환경부,업체,기초 화학물질 제조업,352618,3992,(재)한국품질재단
에이치디현대오일뱅크,기후에너지환경부,업체,석유 정제품 제조업,6428458,80865,(재)한국품질재단
에이치디현대인프라코어(주),기후에너지환경부,사업장,특수 목적용 기계 제조업,87657,1700,(주)한국경영인증원
에이치디현대일렉트릭(주),기후에너지환경부,사업장,"전동기, 발전기 및 전기 변환ㆍ공급ㆍ제어 장치 제조업",38225,785,㈜디엔브이비즈니스어슈어런스코리아
에이치디현대중공업 주식회사,기후에너지환경부,업체,선박 및 보트 건조업,671156,11630,한국표준협회
에이치디현대케미칼주식회사,기후에너지환경부,업체,기초 화학물질 제조업,2719270,50104,(재)한국품질재단
에이치에스지성동조선 주식회사,기후에너지환경부,사업장,선박 및 보트 건조업,60206,1136,한국표준협회
에이치에스효성첨단소재(주),기후에너지환경부,업체,화학섬유 제조업,186927,4152,㈜디엔브이비즈니스어슈어런스코리아
에이치엘만도 주식회사,기후에너지환경부,사업장,자동차 신품 부품 제조업,68160,1425,(주)비에스아이그룹코리아
에이치엘비에너지㈜,기후에너지환경부,사업장,폐기물 처리업,27071,43,(주)한국경영인증원
에이치엠엠피에스에이신항만(주),해양수산부,사업장,기타 운송관련 서비스업,29022,581,로이드인증원㈜
에이치케이이노엔(주),산업통상자원부,사업장,석유화학,17964,369,(주)한국경영인증원
에코비트에너지정세,기후에너지환경부,사업장,폐기물 처리업,60000,481,한국표준협회
에코플라스틱(주),산업통상자원부,사업장,자동차,17731,366,(재)한국품질재단
엘앤에프,기후에너지환경부,사업장,전자 부품 제조업,138295,2842,(재)한국품질재단
엘에스메탈 주식회사,산업통상자원부,사업장,비철금속,21335,444,(주)한국경영인증원
엘에스엠앤엠 주식회사,기후에너지환경부,업체,1차 비철금속 제조업,493516,8509,한국표준협회
엘에스일렉트릭(주),산업통상자원부,사업장,전기전자,16427,340,(주)한국경영인증원
엘에스전선 주식회사,기후에너지환경부,업체,절연선 및 케이블 제조업,99356,2013,㈜한국품질보증원
엘지디스플레이(주),기후에너지환경부,업체,전자 부품 제조업,3671012,53590,㈜디엔브이비즈니스어슈어런스코리아
엘지마그나 이파워트레인 주식회사,산업통상자원부,사업장,자동차,18891,393,(주)비에스아이그룹코리아
엘지유플러스(주),기후에너지환경부,업체,전기 통신업,1418334,29633,한국표준협회
엘지이노텍 주식회사,기후에너지환경부,업체,전자 부품 제조업,426341,8861,(주)비에스아이그룹코리아
엘지전자 주식회사,기후에너지환경부,업체,반도체 제조업,257475,5469,㈜디엔브이비즈니스어슈어런스코리아
엠이엠씨코리아주식회사,기후에너지환경부,사업장,반도체 제조업,115124,2429,(주)신화엔지니어링종합건축사사무소
엠코테크놀로지코리아(주),기후에너지환경부,업체,반도체 제조업,369182,7423,(주)비에스아이그룹코리아
여수시,기후에너지환경부,업체,폐기물,116702,803,지속가능인증원주식회사
여주에너지서비스,산업통상자원부,업체,발전에너지,2014575,40034,(주)한국경영인증원
여천엔씨씨 주식회사,기후에너지환경부,업체,기초 화학물질 제조업,3803197,73678,(재)한국품질재단
연천군,기후에너지환경부,사업장,폐기물,16906,25,(재)한국품질재단
영우해운(주),해양수산부,사업장,교통(해운),13426,188,한국표준협회
영주시,기후에너지환경부,사업장,폐기물 처리업,36061,133,(재)한국품질재단
영풍전자(주),기후에너지환경부,사업장,전자 부품 제조업,38638,775,(주)한국경영인증원
영풍제지(주),기후에너지환경부,사업장,"펄프, 종이 및 판지 제조업",91679,1329,한국표준협회
영화금속(주),기후에너지환경부,사업장,금속 주조업,87847,1290,(재)한국품질재단
오뚜기라면 주식회사,기후에너지환경부,업체,기타 식품 제조업,47742,960,(주)비에스아이그룹코리아
오라이온코리아 주식회사 ,기후에너지환경부,업체,기초 화학물질 제조업,360685,542,㈜디엔브이비즈니스어슈어런스코리아
오비맥주(주),기후에너지환경부,사업장,알코올 음료 제조업,90773,1918,(주)한국경영인증원
오산시,기후에너지환경부,사업장,하수처리업,19899,263,㈜한국품질보증원
오성연료전지 주식회사,기후에너지환경부,사업장,전기업,35002,0,한국표준협회
오씨아이주식회사,기후에너지환경부,업체,기타 화학제품 제조업,1187244,18408,㈜디엔브이비즈니스어슈어런스코리아
오씨아이홀딩스 주식회사,기후에너지환경부,업체,기초 화학물질 제조업,1140,22,㈜디엔브이비즈니스어슈어런스코리아
오케이에프음료(주),농림축산식품부,사업장,음료제조업,20171,389,한국표준협회
옥천군,기후에너지환경부,사업장,지정외 폐기물처리업 등,17258,60,한국표준협회
온세미컨덕터코리아(주),기후에너지환경부,업체,반도체 제조업,193260,3199,(주)비에스아이그룹코리아
와이이십이프로젝트금융투자 주식회사,국토교통부,사업장,건물,17446,360,한국생산성본부인증원(주)
와이케이스틸(주),기후에너지환경부,업체,1차 철강 제조업,214963,3861,한국표준협회
용남고속(주),기후에너지환경부,사업장,육상 여객 운송업,21173,372,(주)한국경영인증원
용산케미칼 주식회사,기후에너지환경부,사업장,기초 화학물질 제조업,113456,958,한국가스안전공사
용인시,기후에너지환경부,업체,폐기물 처리업,191023,1987,㈜한국품질보증원
우림해운(주),해양수산부,사업장,교통(해운),24338,335,(주)한국경영인증원
우지막코리아(주),산업통상자원부,사업장,요업,4201,85,한국표준협회
우진환경개발(주),기후에너지환경부,사업장,폐기물 처리업,67813,771,㈜한국품질보증원
울산과학기술원,기후에너지환경부,사업장,고등 교육기관,37607,786,한국표준협회
울산광역시,기후에너지환경부,업체,폐기물 처리업,315968,3065,㈜한국품질보증원
울산아로마틱스(주),기후에너지환경부,업체,기초 화학물질 제조업,430585,10023,㈜디엔브이비즈니스어슈어런스코리아
울산알루미늄 주식회사,기후에너지환경부,업체,1차 비철금속 제조업,157457,3196,(주)한국경영인증원
울산피피주식회사,기후에너지환경부,사업장,합성고무 및 플라스틱 물질 제조업,49134,1389,(주)한국경영인증원
원강산업(주),산업통상자원부,사업장,기계,21731,451,(주)한국경영인증원
원주시,기후에너지환경부,사업장,"하수, 폐수 및 분뇨 처리업",57836,732,(재)한국화학융합시험연구원
위드인천에너지(주),기후에너지환경부,업체,"증기, 냉ㆍ온수 및 공기 조절 공급업",22850,492,㈜디엔브이비즈니스어슈어런스코리아
유니온머티리얼(주),기후에너지환경부,사업장,"내화, 비내화 요업제품 제조업",37845,763,(재)한국품질재단
유니투스 주식회사,기후에너지환경부,업체,자동차 신품 부품 제조업,68712,1426,(재)한국품질재단
유성기업(주),산업통상자원부,사업장,자동차,13596,279,(주)비에스아이그룹코리아
유한킴벌리 주식회사,기후에너지환경부,업체,"펄프, 종이 및 판지 제조업",199589,3999,(재)한국품질재단
유한회사 사조씨피케이,기후에너지환경부,업체,"곡물 가공품, 전분 및 전분제품 제조업",135361,2432,(재)한국품질재단
유한회사 스태츠칩팩코리아,기후에너지환경부,사업장,반도체 제조업,76436,1572,(주)신화엔지니어링종합건축사사무소
유한회사 클라리오스델코,산업통상자원부,사업장,전기전자,52469,1087,(주)한국경영인증원
율촌화학(주),기후에너지환경부,사업장,플라스틱 제품 제조업,81954,1509,(주)한국경영인증원
음성에코파크(주),산업통상자원부,사업장,발전에너지,60857,4,한국표준협회
의료법인 길 의료재단,국토교통부,사업장,건물,21181,435,(재)한국화학융합시험연구원
의정부시,기후에너지환경부,사업장,"하수, 폐수 및 분뇨 처리업",82379,400,㈜한국품질보증원
이건에너지(주),산업통상자원부,사업장,산업단지,15254,2615,㈜한국품질보증원
이구산업(주),기후에너지환경부,사업장,1차 비철금속 제조업,36264,748,한국생산성본부인증원(주)
이누스 주식회사,기후에너지환경부,사업장,"내화, 비내화 요업제품 제조업",52998,903,한국표준협회
이도에코오산(주) ,기후에너지환경부,사업장,폐기물 처리업,47492,33,(주)한국경영인증원
이도에코전주(주),기후에너지환경부,사업장,폐기물 처리업,42693,23,㈜한국품질보증원
이래에이엠에스 주식회사,산업통상자원부,사업장,자동차,24600,509,㈜한국품질보증원
이스트만화이버코리아 주식회사,기후에너지환경부,사업장,화학섬유 제조업,42245,716,(주)한국경영인증원
이지스제210호전문투자형사모부동산투자회사,국토교통부,사업장,건물,20982,435,(주)한국경영인증원
이천시,기후에너지환경부,사업장,폐기물 처리업,120026,633,㈜한국품질보증원
익산시,기후에너지환경부,사업장,폐기물 처리업,74429,572,㈜한국품질보증원
인제군,기후에너지환경부,사업장,폐기물,24069,35,(주)한국경영인증원
인지에이엠티(주),산업통상자원부,사업장,자동차,20590,424,(주)한국경영인증원
인천공항에너지,기후에너지환경부,업체,"증기, 냉ㆍ온수 및 공기 조절 공급업",185004,3674,㈜한국품질보증원
인천광역시,기후에너지환경부,업체,폐기물 처리업,398065,4977,(재)한국화학융합시험연구원
인천교통공사,기후에너지환경부,사업장,육상 여객 운송업,117332,2421,한국표준협회
인천국제공항공사,기후에너지환경부,업체,기타 운송관련 서비스업,267110,5157,(주)한국경영인증원
인천연료전지(주),산업통상자원부,업체,전기업,167926,18,(주)한국경영인증원
인천종합에너지(주),기후에너지환경부,업체,"증기, 냉ㆍ온수 및 공기 조절 공급업",397688,7984,㈜디엔브이비즈니스어슈어런스코리아
인터지스(주),기후에너지환경부,사업장,도로 화물 운송업,32691,485,(주)한국경영인증원
인프라에어홀딩스 주식회사,기후에너지환경부,업체,기초 화학물질 제조업,260445,5441,한국표준협회
일신로지스틱스주식회사,해양수산부,사업장,교통(해운),15043,217,㈜디엔브이비즈니스어슈어런스코리아
일신방직(주) ,기후에너지환경부,사업장,방적 및 가공사 제조업,50727,1059,로이드인증원㈜
일진디스플레이(주),기후에너지환경부,사업장,전자 부품 제조업,15664,326,한국표준협회
일진제강(주),기후에너지환경부,사업장,1차 철강 제조업,53130,1073,한국표준협회
재단법인 대구경북과학기술원,기후에너지환경부,사업장,고등 교육기관,31474,643,한국표준협회
재단법인 아산사회복지재단,기후에너지환경부,사업장,병원,95744,1928,한국표준협회
재단법인 오송첨단의료산업진흥재단,국토교통부,사업장,건물,16372,335,한국표준협회
재원산업,기후에너지환경부,사업장,기초 화학물질 제조업,25225,665,(재)한국품질재단
전남대학교,기후에너지환경부,사업장,고등 교육기관,37811,769,한국표준협회
전방(주),산업통상자원부,업체,섬유,17410,362,(주)한국경영인증원
전북대학교,기후에너지환경부,사업장,고등 교육기관,35713,735,(주)한국경영인증원
전북대학교병원,국토교통부,사업장,건물,21845,458,(재)한국화학융합시험연구원
전북집단에너지 주식회사,기후에너지환경부,업체,"증기, 냉ㆍ온수 및 공기 조절 공급업",195564,2313,로이드인증원㈜
전주시,기후에너지환경부,업체,폐기물 처리업,168919,1771,㈜한국품질보증원
전차연물류(주),국토교통부,사업장,교통(화물),14359,204,㈜한국품질보증원
제이비 주식회사,기후에너지환경부,사업장,"증기, 냉ㆍ온수 및 공기 조절 공급업",28524,572,(재)한국품질재단
제이셋스태츠칩팩코리아(유),기후에너지환경부,사업장,반도체 제조업,100223,2090,(주)신화엔지니어링종합건축사사무소
제이아이금속(주),산업통상자원부,사업장,비철금속,19157,311,(주)한국경영인증원
제주신화월드 주식회사,기후에너지환경부,사업장,일반 및 생활 숙박시설 운영업,44436,882,(주)한국경영인증원
제주특별자치도,기후에너지환경부,업체,폐기물 처리업,354623,3359,한국표준협회
제주특별자치도개발공사,기후에너지환경부,사업장,비알코올 음료 및 얼음 제조업,32721,664,한국표준협회
제주항공(주),기후에너지환경부,업체,항공 여객 운송업,228618,3278,(재)한국화학융합시험연구원
제천시,기후에너지환경부,사업장,"하수, 폐수 및 분뇨 처리업",45322,354,(재)한국품질재단
조선내화(주),산업통상자원부,사업장,요업,18507,353,(재)한국품질재단
조일알미늄 주식회사,기후에너지환경부,사업장,1차 비철금속 제조업,84268,1706,(재)한국품질재단
존슨일렉트릭오퍼레이션스(주),산업통상자원부,사업장,자동차,16579,328,한국표준협회
주성엔지니어링(주),산업통상자원부,사업장,기계,19662,406,㈜디엔브이비즈니스어슈어런스코리아
주식회사 GS구미열병합발전,기후에너지환경부,업체,"증기, 냉ㆍ온수 및 공기 조절 공급업",1074616,12266,(재)한국품질재단
주식회사 GS반월열병합발전,기후에너지환경부,업체,"증기, 냉ㆍ온수 및 공기 조절 공급업",879990,10283,(재)한국품질재단
주식회사 경방,국토교통부,사업장,건물,18122,375,한국생산성본부인증원(주)
주식회사 고려제지,기후에너지환경부,업체,"펄프, 종이 및 판지 제조업",149257,3748,(주)한국경영인증원
주식회사 광주글로벌모터스,산업통상자원부,사업장,자동차,19065,388,(주)한국경영인증원
주식회사 구미그린,기후에너지환경부,사업장,폐기물 처리업,56938,31,한국표준협회
주식회사 국민은행,국토교통부,업체,건물,92871,1494,한국표준협회
주식회사 그린바이로,기후에너지환경부,사업장,폐기물 처리업,75079,17,한국표준협회
주식회사 그린밸리,기후에너지환경부,사업장,폐기물 처리업,35571,33,㈜한국품질보증원
주식회사 남성버스,국토교통부,사업장,교통(여객),15804,297,(주)한국경영인증원
주식회사 네패스 라웨,산업통상자원부,사업장,반도체,6237,129,(주)한국경영인증원
주식회사 녹수,산업통상자원부,사업장,석유화학,28682,581,로이드인증원㈜
주식회사 농심,기후에너지환경부,업체,기타 식품 제조업,189047,3771,한국표준협회
주식회사 뉴그린,기후에너지환경부,업체,폐기물 처리업,104518,242,(주)한국경영인증원
주식회사 대륜발전,기후에너지환경부,업체,"증기, 냉ㆍ온수 및 공기 조절 공급업",658637,13051,한국표준협회
주식회사 대전신세계,국토교통부,사업장,건물,21912,454,(주)한국경영인증원
주식회사 대창,기후에너지환경부,사업장,1차 비철금속 제조업,30155,617,한국가스안전공사
주식회사 대한세라믹스,기후에너지환경부,사업장,"내화, 비내화 요업제품 제조업",33095,601,(주)한국경영인증원
주식회사 대호에이엘,기후에너지환경부,사업장,1차 비철금속 제조업,26366,529,(주)한국경영인증원
주식회사 더블유티씨서울,기후에너지환경부,사업장,부동산 임대 및 공급업,58002,1195,(주)한국경영인증원
주식회사 덕양에너젠,기후에너지환경부,업체,기초 화학물질 제조업,32041,662,지속가능인증원주식회사
주식회사 동부고속,국토교통부,사업장,교통(여객),21853,321,(주)한국경영인증원
주식회사 동성케미컬,기후에너지환경부,사업장,기초 화학물질 제조업,27046,535,한국생산성본부인증원(주)
주식회사 동아,산업통상자원부,사업장,기계,17198,356,한국표준협회
주식회사 디비메탈,기후에너지환경부,업체,1차 철강 제조업,180424,2130,(재)한국품질재단
주식회사 디비하이텍 ,기후에너지환경부,업체,반도체 제조업,278302,4069,(주)비에스아이그룹코리아
주식회사 디앤오,국토교통부,사업장,건물,16937,346,(재)한국품질재단
주식회사 디에스단석,기후에너지환경부,사업장,1차 비철금속 제조업,86023,1599,한국표준협회
주식회사 디엔 오토모티브,산업통상자원부,사업장,전기전자,21476,447,한국표준협회
주식회사 메타즈,산업통상자원부,사업장,기계,9327,192,㈜한국품질보증원
주식회사 명성,기후에너지환경부,사업장,육상 여객 운송업,23450,406,(주)한국경영인증원
주식회사 명성환경,기후에너지환경부,사업장,폐기물 처리업,38,116,(주)한국경영인증원
주식회사 무주덕유산리조트,국토교통부,사업장,건물,17943,331,(주)한국경영인증원
주식회사 문화방송,국토교통부,사업장,건물,15957,349,지속가능인증원주식회사
주식회사 범우,기후에너지환경부,사업장,폐기물 처리업,95337,76,한국표준협회
주식회사 베어링아트,기후에너지환경부,사업장,자동차 신품 부품 제조업,62874,1298,한국표준협회
주식회사 삼기,기후에너지환경부,사업장,자동차 신품 부품 제조업,63431,1211,(주)한국경영인증원
주식회사 삼보광업,기후에너지환경부,업체,"시멘트, 석회, 플라스터 및 그 외 제품 제조업",166725,382,한국생산성본부인증원(주)
주식회사 삼양사,기후에너지환경부,업체,"곡물 가공품, 전분 및 전분제품 제조업",264263,6241,한국표준협회
주식회사 삼양패키징,기후에너지환경부,업체,플라스틱 제품 제조업,134673,2919,한국표준협회
주식회사 삼영 ,기후에너지환경부,사업장,플라스틱 제품 제조업,32488,667,한국표준협회
주식회사 서부티엔디,국토교통부,사업장,건물,22314,459,(주)한국경영인증원
주식회사 서원환경,기후에너지환경부,사업장,폐기물 처리업,31301,2,한국표준협회
주식회사 세아베스틸,기후에너지환경부,업체,1차 철강 제조업,1155808,18418,한국표준협회
주식회사 세아베스틸지주,기후에너지환경부,업체,1차 철강 제조업,485,9,한국표준협회
주식회사 세아창원특수강,기후에너지환경부,업체,1차 철강 제조업,436291,7917,한국표준협회
주식회사 세진메탈,기후에너지환경부,사업장,1차 비철금속 제조업,33018,532,(주)한국경영인증원
주식회사 소노인터내셔널,기후에너지환경부,사업장,일반 및 생활 숙박시설 운영업,136468,2747,(주)한국경영인증원
주식회사 스타필드고양,기후에너지환경부,사업장,부동산 임대 및 공급업,25819,576,㈜한국품질보증원
주식회사 스타필드안성,국토교통부,사업장,건물,18077,374,㈜한국품질보증원
주식회사 스타필드하남,기후에너지환경부,사업장,부동산 임대 및 공급업,24865,518,㈜한국품질보증원
주식회사 신세계동대구복합환승센터,국토교통부,사업장,건물,23534,489,(주)한국경영인증원
주식회사 신한은행,국토교통부,업체,건물,70718,1173,㈜디엔브이비즈니스어슈어런스코리아
주식회사 심텍,기후에너지환경부,사업장,전자 부품 제조업,106014,2306,㈜디엔브이비즈니스어슈어런스코리아
주식회사 심팩인더스트리,기후에너지환경부,업체,1차 철강 제조업,673,12,(재)한국품질재단
주식회사 아이유제지,산업통상자원부,사업장,제지,16312,246,(주)한국경영인증원
주식회사 알테크노메탈,기후에너지환경부,사업장,금속 주조업,32283,554,(주)한국경영인증원
주식회사 알트론전주,기후에너지환경부,사업장,자동차 신품 부품 제조업,33439,0,
주식회사 에너지네트웍,기후에너지환경부,업체,폐기물 처리업,168841,317,(주)한국경영인증원
주식회사 에스알,기후에너지환경부,업체,철도 운송업,168201,3515,(주)비에스아이그룹코리아
주식회사 에스에프에이반도체,기후에너지환경부,사업장,반도체 제조업,30280,607,(주)신화엔지니어링종합건축사사무소
주식회사 에스엔엔씨,기후에너지환경부,업체,1차 비철금속 제조업,1293791,15686,(재)한국품질재단
주식회사 에스피씨삼립,기후에너지환경부,사업장,기타 식품 제조업,97440,2018,(주)비에스아이그룹코리아
주식회사 에스피에스엔에이,기후에너지환경부,사업장,"시멘트, 석회, 플라스터 및 그 외 제품 제조업",34359,702,(재)한국품질재단
주식회사 에어퍼스트,기후에너지환경부,업체,기초 화학물질 제조업,674270,13928,한국가스안전공사
주식회사 에이팩트,산업통상자원부,사업장,전기전자,28331,589,(주)한국경영인증원
주식회사 에이프로젠바이오로직스,산업통상자원부,사업장,의약품 제조업,17335,356,로이드인증원㈜
주식회사 에코라임,기후에너지환경부,업체,"시멘트, 석회, 플라스터 및 그 외 제품 제조업",104213,521,(주)신화엔지니어링종합건축사사무소
주식회사 에코비트에너지명성,기후에너지환경부,업체,폐기물 처리업,39036,47,한국표준협회
주식회사 에코비트에너지울산,기후에너지환경부,사업장,"증기, 냉ㆍ온수 및 공기 조절 공급업",90248,1075,한국표준협회
주식회사 에코프로에이피,산업통상자원부,사업장,석유화학,31849,665,(주)한국경영인증원
주식회사 에코프로이엠,산업통상자원부,사업장,일차전지 및 축전지 제조업,103448,2161,(주)한국경영인증원
주식회사 엘엑스하우시스,기후에너지환경부,업체,플라스틱 제품 제조업,113467,2180,㈜디엔브이비즈니스어슈어런스코리아
주식회사 엘지에너지솔루션,기후에너지환경부,업체,일차전지 및 축전지 제조업,408140,8860,한국표준협회
주식회사 엘지화학,기후에너지환경부,업체,기초 화학물질 제조업,8351819,162530,(재)한국품질재단
주식회사 영풍,기후에너지환경부,업체,1차 비철금속 제조업,766796,13573,(재)한국품질재단
주식회사 영흥산업환경,기후에너지환경부,사업장,폐기물 처리업,136221,569,㈜한국품질보증원
주식회사 우리은행,국토교통부,업체,건물,71633,1090,(주)한국경영인증원
주식회사 윈팩,기후에너지환경부,사업장,반도체 제조업,24045,500,한국표준협회
주식회사 유니드,기후에너지환경부,업체,기초 화학물질 제조업,300606,7482,로이드인증원㈜
주식회사 유니드비티플러스,기후에너지환경부,업체,나무제품 제조업,54199,2217,로이드인증원㈜
주식회사 유니큰,기후에너지환경부,업체,폐기물 처리업,89177,490,지속가능인증원주식회사
주식회사 이랜드리테일,기후에너지환경부,업체,종합 소매업,155694,3235,한국표준협회
주식회사 이엠케이승경,기후에너지환경부,사업장,폐기물 처리업,45824,521,(주)한국경영인증원
주식회사 전주원파워,기후에너지환경부,사업장,전기업,42794,6028,한국표준협회
주식회사 전주페이퍼,기후에너지환경부,업체,"펄프, 종이 및 판지 제조업",449587,8181,한국표준협회
주식회사 정선라임,기후에너지환경부,사업장,"시멘트, 석회, 플라스터 및 그 외 제품 제조업",86578,284,한국표준협회
주식회사 지알엠,기후에너지환경부,사업장,1차 비철금속 제조업,79123,963,한국표준협회
주식회사 지에스리테일 ,국토교통부,업체,건물,52444,1081,(주)한국경영인증원
주식회사 지에스이앤알,기후에너지환경부,업체,"증기, 냉ㆍ온수 및 공기 조절 공급업",632,12,(재)한국품질재단
주식회사 지에스포천그린에너지,기후에너지환경부,업체,"증기, 냉ㆍ온수 및 공기 조절 공급업",959022,13074,㈜디엔브이비즈니스어슈어런스코리아
주식회사 진로발효,기후에너지환경부,사업장,알코올 음료 제조업,30278,734,(재)한국품질재단
주식회사 진에어,기후에너지환경부,업체,항공 여객 운송업,217123,3108,한국표준협회
주식회사 카프로,기후에너지환경부,업체,기초 화학물질 제조업,12244,237,(재)한국품질재단
주식회사 케이씨씨글라스,기후에너지환경부,업체,유리 및 유리제품 제조업,718215,9619,(재)한국품질재단
주식회사 케이씨씨실리콘,기후에너지환경부,업체,기초 화학물질 제조업,108896,1765,(재)한국품질재단
주식회사 케이티,기후에너지환경부,업체,전기 통신업,1141171,23543,㈜한국품질보증원
주식회사 케이티클라우드,기후에너지환경부,업체,"자료 처리, 호스팅, 포털 및 기타 인터넷 정보 매개 서비스업",347380,7406,㈜한국품질보증원
주식회사 케이피에프,기후에너지환경부,사업장,기타 금속 가공제품 제조업,43892,906,(주)한국경영인증원
주식회사 케이피이그린에너지,산업통상자원부,사업장,전기업,58289,7,한국표준협회
주식회사 켐트로닉스,산업통상자원부,사업장,디스플레이,22102,461,한국표준협회
주식회사 코리아에어텍,기후에너지환경부,사업장,기초 화학물질 제조업,59020,1232,한국가스안전공사
주식회사 코엔텍,기후에너지환경부,업체,폐기물 처리업,328628,617,한국표준협회
주식회사 태경비케이,기후에너지환경부,업체,"시멘트, 석회, 플라스터 및 그 외 제품 제조업",611753,2532,(주)한국경영인증원
주식회사 태영이엠씨,기후에너지환경부,업체,"시멘트, 석회, 플라스터 및 그 외 제품 제조업",148256,773,한국표준협회
주식회사 티웨이항공,기후에너지환경부,업체,항공 여객 운송업,186993,2683,(재)한국화학융합시험연구원
주식회사 파라다이스세가사미,기후에너지환경부,사업장,일반 및 생활 숙박시설 운영업,38983,798,한국표준협회
주식회사 팜한농,기후에너지환경부,업체,"비료, 농약 및 살균ㆍ살충제 제조업",60012,1024,한국표준협회
주식회사 페트로코너지,산업통상자원부,사업장,발전에너지,22739,1,(재)한국품질재단
주식회사 포스코,기후에너지환경부,업체,1차 철강 제조업,71065143,377239,(재)한국품질재단
주식회사 포스코모빌리티솔루션,기후에너지환경부,사업장,1차 철강 제조업,54924,1121,㈜디엔브이비즈니스어슈어런스코리아
주식회사 포스코엠씨머티리얼즈,기후에너지환경부,사업장,기초 화학물질 제조업,83843,1218,(재)한국품질재단
주식회사 포스코인터내셔널,기후에너지환경부,업체,전기업,4831068,95999,(재)한국품질재단
주식회사 포스코퓨처엠,기후에너지환경부,업체,"시멘트, 석회, 플라스터 및 그 외 제품 제조업",2298133,18214,(재)한국품질재단
주식회사 포항버스,국토교통부,사업장,교통(여객),19454,373,(주)한국경영인증원
주식회사 풍산,기후에너지환경부,업체,1차 비철금속 제조업,240625,4946,한국표준협회
주식회사 피앤오케미칼,산업통상자원부,사업장,석유화학,47914,871,(재)한국품질재단
주식회사 피에스엠,기후에너지환경부,사업장,기타 금속 가공제품 제조업,9293,170,로이드인증원㈜
주식회사 피엔알,기후에너지환경부,업체,"해체, 선별 및 원료 재생업",138340,1971,(재)한국품질재단
주식회사 피케이엘,산업통상자원부,사업장,전기전자,16047,330,(주)한국경영인증원
주식회사 하나은행,국토교통부,업체,건물,65393,994,한국표준협회
주식회사 하이호휠,기후에너지환경부,사업장,자동차 신품 부품 제조업,22577,458,지속가능인증원주식회사
주식회사 한국거래소,국토교통부,사업장,건물,18445,383,한국표준협회
주식회사 한국알스트롬,기후에너지환경부,사업장,"펄프, 종이 및 판지 제조업",46832,615,(재)한국품질재단
주식회사 호텔롯데,기후에너지환경부,업체,일반 및 생활 숙박시설 운영업,156449,3192,(주)한국경영인증원
주식회사 호텔신라,국토교통부,사업장,건물,21716,443,한국표준협회
주식회사 효성,기후에너지환경부,사업장,기타 섬유제품 제조업,29477,602,㈜디엔브이비즈니스어슈어런스코리아
주식회사 후성,기후에너지환경부,업체,기초 화학물질 제조업,218395,775,한국가스안전공사
주식회사 휴스틸,기후에너지환경부,사업장,1차 철강 제조업,30450,620,(주)신화엔지니어링종합건축사사무소
주식회사경기상운,국토교통부,사업장,교통(여객),18284,321,(주)한국경영인증원
주식회사금강고속,기후에너지환경부,사업장,육상 여객 운송업,23408,340,한국표준협회
주식회사비엔씨티,해양수산부,사업장,기타 운송관련 서비스업,33079,613,한국표준협회
중소기업은행,국토교통부,업체,건물,55321,799,한국표준협회
지에스에코메탈 주식회사,산업통상자원부,사업장,비철금속,25012,338,대일이엔씨기술(주)
지에스이피에스,기후에너지환경부,업체,전기업,3006264,70079,로이드인증원㈜
지에스칼텍스 주식회사,기후에너지환경부,업체,석유 정제품 제조업,8645917,120164,(재)한국품질재단
지엠테크니컬센터코리아 주식회사,국토교통부,사업장,건물,14310,291,한국표준협회
진양특수강(주),기후에너지환경부,사업장,1차 철강 제조업,28105,561,한국표준협회
진영페이퍼 주식회사,기후에너지환경부,사업장,"펄프, 종이 및 판지 제조업",90152,875,(주)한국경영인증원
진주시,기후에너지환경부,사업장,폐기물 처리업,123714,605,지속가능인증원주식회사
진천군,기후에너지환경부,사업장,폐기물,19877,163,한국표준협회
창원시,기후에너지환경부,업체,폐기물 처리업,240936,2417,㈜한국품질보증원
천안시,기후에너지환경부,업체,폐기물 처리업,157838,1745,㈜한국품질보증원
천일정기화물자동차(주),국토교통부,사업장,교통(화물),20004,289,한국표준협회
천일제지(주),기후에너지환경부,사업장,"펄프, 종이 및 판지 제조업",61416,1000,(주)한국경영인증원
청양산업 주식회사,국토교통부,사업장,육상운송 및 파이프라인 운송업,11975,170,(주)한국경영인증원
청주시,기후에너지환경부,업체,폐기물 처리업,223223,1892,(재)한국화학융합시험연구원
청주에코파크 주식회사,산업통상자원부,사업장,전기업,55904,2,한국표준협회
초당환경(유),기후에너지환경부,사업장,폐기물 처리업,25578,72,(재)한국품질재단
춘천시,기후에너지환경부,업체,폐기물 처리업,100615,1559,(재)한국화학융합시험연구원
춘천에너지 주식회사,기후에너지환경부,업체,"증기, 냉ㆍ온수 및 공기 조절 공급업",876707,15881,로이드인증원㈜
충남대학교,기후에너지환경부,사업장,고등 교육기관,30486,631,로이드인증원㈜
충남대학교병원,국토교통부,사업장,건물,20156,418,한국표준협회
충북대학교,국토교통부,사업장,건물,20700,419,한국표준협회
충주시,기후에너지환경부,사업장,폐기물 처리업,74508,749,(재)한국품질재단
컬러스앤이펙츠코리아(주),산업통상자원부,사업장,석유화학,15990,551,(재)한국품질재단
케이브이머티리얼즈 주식회사,산업통상자원부,사업장,유리,17098,438,㈜한국품질보증원
케이씨글라스(주),기후에너지환경부,사업장,유리 및 유리제품 제조업,42720,709,(주)신화엔지니어링종합건축사사무소
케이씨씨,기후에너지환경부,업체,"시멘트, 석회, 플라스터 및 그 외 제품 제조업",611594,11491,(재)한국품질재단
케이씨주식회사,기후에너지환경부,업체,기초 화학물질 제조업,181558,2520,한국표준협회
케이알에너지(주),기후에너지환경부,사업장,"증기, 냉ㆍ온수 및 공기 조절 공급업",44016,472,한국표준협회
케이알코폴리머 유한회사,기후에너지환경부,사업장,합성고무 및 플라스틱 물질 제조업,28916,387,(주)한국경영인증원
케이에이에프 주식회사,산업통상자원부,사업장,섬유,24420,420,한국표준협회
케이엠씨해운 주식회사,기후에너지환경부,사업장,해상 운송업,43505,603,㈜디엔브이비즈니스어슈어런스코리아
케이오씨(주),기후에너지환경부,사업장,기초 화학물질 제조업,35161,842,(주)한국경영인증원
케이지모빌리티 주식회사,기후에너지환경부,업체,자동차용 엔진 및 자동차 제조업,117223,2368,㈜한국품질보증원
케이지스틸 주식회사,기후에너지환경부,업체,1차 철강 제조업,404489,8639,(재)한국품질재단
케이지에코솔루션 주식회사,기후에너지환경부,업체,폐기물 처리업,1562,28,로이드인증원㈜
케이지케미칼 주식회사,기후에너지환경부,사업장,"비료, 농약 및 살균ㆍ살충제 제조업",37313,457,(주)한국경영인증원
코닝정밀소재 주식회사,기후에너지환경부,업체,유리 및 유리제품 제조업,490292,9852,로이드인증원㈜
코리아PTG(주),기후에너지환경부,사업장,기초 화학물질 제조업,103089,900,(재)한국품질재단
코스모신소재(주),기후에너지환경부,사업장,기타 화학제품 제조업,62428,1164,한국표준협회
코스모화학,기후에너지환경부,사업장,기초 화학물질 제조업,94980,1720,한국표준협회
코스포영남파워 주식회사,기후에너지환경부,업체,전기업,850361,16906,한국표준협회
코어엔텍 주식회사,기후에너지환경부,업체,폐기물 처리업,293163,1833,로이드인증원㈜
코오롱글로텍(주),산업통상자원부,사업장,섬유,20679,332,한국표준협회
코오롱바스프이노폼 주식회사,기후에너지환경부,사업장,합성고무 및 플라스틱 물질 제조업,101273,1600,한국표준협회
코오롱이앤피(주),기후에너지환경부,업체,합성고무 및 플라스틱 물질 제조업,131361,2125,한국표준협회
코오롱인더스트리 주식회사,기후에너지환경부,업체,합성고무 및 플라스틱 물질 제조업,554983,10426,한국표준협회
코카콜라음료(주),농림축산식품부,사업장,음료제조업,20014,408,(재)한국품질재단
쿠팡로지스틱스서비스 유한회사,국토교통부,사업장,도로 화물 운송업,97956,1664,㈜디엔브이비즈니스어슈어런스코리아
쿠팡풀필먼트서비스 유한회사,국토교통부,업체,보관 및 창고업,236793,4930,㈜디엔브이비즈니스어슈어런스코리아
크나우프석고보드 주식회사,기후에너지환경부,업체,"시멘트, 석회, 플라스터 및 그 외 제품 제조업",110088,2187,(재)한국품질재단
타타대우모빌리티 주식회사,산업통상자원부,사업장,자동차,16325,308,한국생산성본부인증원(주)
태경산업(주),기후에너지환경부,업체,1차 철강 제조업,99941,1409,(주)한국경영인증원
태광산업 주식회사,기후에너지환경부,업체,기초 화학물질 제조업,895831,12933,한국표준협회
태림페이퍼주식회사,기후에너지환경부,업체,"펄프, 종이 및 판지 제조업",385762,5760,㈜한국품질보증원
태봉광업 주식회사,기후에너지환경부,업체,"시멘트, 석회, 플라스터 및 그 외 제품 제조업",241973,611,(주)비에스아이그룹코리아
태양금속공업(주),산업통상자원부,사업장,기계,20806,399,(주)한국경영인증원
태영세라믹(주),기후에너지환경부,사업장,"내화, 비내화 요업제품 제조업",32550,539,한국표준협회
통영시,기후에너지환경부,사업장,폐기물 처리업,37643,354,(재)한국품질재단
티케이지에코머티리얼 주식회사,산업통상자원부,사업장,섬유,3154,91,(재)한국품질재단
티케이지휴켐스 주식회사,기후에너지환경부,업체,기초 화학물질 제조업,108678,1528,(재)한국화학융합시험연구원
티케이케미칼,기후에너지환경부,업체,화학섬유 제조업,61590,1234,(주)한국경영인증원
파르나스호텔 주식회사,국토교통부,사업장,건물,21033,434,한국표준협회
파인트리포스마그네슘 주식회사,기후에너지환경부,사업장,금속 주조업,35507,70,(재)한국품질재단
파주시,기후에너지환경부,업체,폐기물 처리업,162221,1505,㈜한국품질보증원
파주에너지서비스,기후에너지환경부,업체,전기업,4132297,80560,대일이엔씨기술(주)
파주에코에너지(주),산업통상자원부,사업장,발전에너지,22169,0,(주)한국경영인증원
파주전기초자 주식회사,기후에너지환경부,사업장,유리 및 유리제품 제조업,21948,457,㈜디엔브이비즈니스어슈어런스코리아
팔미금속공업(주),산업통상자원부,사업장,철강,15615,291,한국표준협회
페이퍼코리아,기후에너지환경부,사업장,"펄프, 종이 및 판지 제조업",88730,1529,한국표준협회
평택시,기후에너지환경부,업체,"하수, 폐수 및 분뇨 처리업",123716,1899,㈜한국품질보증원
평택에너지앤파워 주식회사,기후에너지환경부,업체,"증기, 냉ㆍ온수 및 공기 조절 공급업",1359985,26586,㈜디엔브이비즈니스어슈어런스코리아
평화산업(주),기후에너지환경부,사업장,고무제품 제조업,31733,647,지속가능인증원주식회사
평화오일씰공업(주),산업통상자원부,사업장,자동차,14542,303,지속가능인증원주식회사
포스코스틸리온(주),기후에너지환경부,사업장,1차 철강 제조업,120953,2368,한국표준협회
포스코홀딩스 주식회사,기후에너지환경부,업체,1차 철강 제조업,10745,222,(재)한국품질재단
포천민자발전 주식회사,기후에너지환경부,업체,전기업,1305244,25898,(주)한국경영인증원
포천시,기후에너지환경부,사업장,폐기물 처리업,59149,615,㈜한국품질보증원
포천파워(주),기후에너지환경부,업체,전기업,1729578,34369,(재)한국품질재단
포항시,기후에너지환경부,업체,폐기물 처리업,164383,2492,㈜한국품질보증원
폴리미래(주),기후에너지환경부,사업장,합성고무 및 플라스틱 물질 제조업,100796,1876,(재)한국화학융합시험연구원
피아이첨단소재 주식회사,기후에너지환경부,사업장,플라스틱 제품 제조업,106164,1812,(재)한국품질재단
피유코어 주식회사,산업통상자원부,사업장,석유화학,23768,543,한국표준협회
하나마이크론,기후에너지환경부,사업장,반도체 제조업,36237,754,(주)한국경영인증원
하나머티리얼즈(주),산업통상자원부,사업장,반도체,25908,540,한국표준협회
하남시,기후에너지환경부,사업장,폐기물 처리업,37725,496,(재)한국품질재단
하이트진로(주),기후에너지환경부,업체,알코올 음료 제조업,110066,2154,(재)한국품질재단
하이트진로산업(주),기후에너지환경부,사업장,유리 및 유리제품 제조업,30886,483,(주)한국경영인증원
하이호경금속 주식회사,기후에너지환경부,사업장,1차 비철금속 제조업,30048,495,㈜한국품질보증원
학교법인 가톨릭학원,기후에너지환경부,사업장,병원,138419,2826,한국표준협회
학교법인 건국대학교,기후에너지환경부,사업장,고등 교육기관,75442,1526,(주)한국경영인증원
학교법인 경희학원,국토교통부,업체,건물,60644,1249,로이드인증원㈜
학교법인 계명대학교,국토교통부,사업장,건물,21117,437,(주)한국경영인증원
학교법인 고려중앙학원,기후에너지환경부,사업장,고등 교육기관,111736,2302,㈜한국품질보증원
학교법인 성균관대학,기후에너지환경부,사업장,고등 교육기관,70474,1428,(주)한국경영인증원
학교법인 연세대학교,기후에너지환경부,업체,고등 교육기관,203451,4207,(재)한국품질재단
학교법인 영남학원,국토교통부,사업장,건물,31385,645,㈜한국품질보증원
학교법인 이화학당,기후에너지환경부,사업장,고등 교육기관,74582,3285,(주)한국경영인증원
학교법인 중앙대학교,국토교통부,사업장,건물,20621,425,한국표준협회
학교법인 포항공과대학교,기후에너지환경부,사업장,고등 교육기관,82127,1855,㈜한국품질보증원
학교법인 한양학원,기후에너지환경부,사업장,고등 교육기관,80087,3199,(주)한국경영인증원
한국가스공사,기후에너지환경부,업체,연료용 가스 제조 및 배관공급업,580251,11045,(주)신화엔지니어링종합건축사사무소
한국경남태양유전(주),기후에너지환경부,사업장,전자 부품 제조업,91403,1799,(주)한국경영인증원
한국공항공사,기후에너지환경부,사업장,기타 운송관련 서비스업,92395,1903,로이드인증원㈜
한국과학기술연구원,국토교통부,사업장,건물,18403,381,(주)한국경영인증원
한국과학기술원,기후에너지환경부,사업장,고등 교육기관,87144,1785,(주)한국경영인증원
한국과학기술정보연구원,국토교통부,사업장,건물,21435,447,(주)신화엔지니어링종합건축사사무소
한국기초소재(주),산업통상자원부,사업장,시멘트,14473,295,한국표준협회
한국남동발전,기후에너지환경부,업체,전기업,30710313,372122,대일이엔씨기술(주)
한국남부발전 주식회사,기후에너지환경부,업체,전기업,24346135,321462,(재)한국품질재단
한국넥슬렌유한회사,기후에너지환경부,업체,합성고무 및 플라스틱 물질 제조업,87186,1750,한국표준협회
한국니토옵티칼(주),기후에너지환경부,사업장,플라스틱 제품 제조업,35250,662,㈜디엔브이비즈니스어슈어런스코리아
한국도로공사,기후에너지환경부,업체,기타 운송관련 서비스업,257639,5158,로이드인증원㈜
한국동서발전 주식회사,기후에너지환경부,업체,전기업,25977192,319406,(주)한국경영인증원
한국무브넥스(주),산업통상자원부,사업장,철강,17533,364,한국표준협회
한국바스프 주식회사,기후에너지환경부,업체,기초 화학물질 제조업,679307,10140,(재)한국품질재단
한국방송공사,국토교통부,사업장,건물,16045,336,대일이엔씨기술(주)
한국보훈복지의료공단,국토교통부,사업장,건물,15104,310,한국표준협회
한국서부발전,기후에너지환경부,업체,전기업,26963939,333061,(주)신화엔지니어링종합건축사사무소
한국세큐리트(주),산업통상자원부,사업장,유리,27085,564,(주)한국경영인증원
한국수력원자력,기후에너지환경부,업체,전기업,3681792,73864,(재)한국품질재단
한국수자원공사,기후에너지환경부,업체,수도업,802871,17454,(주)한국경영인증원
한국수출포장공업(주),기후에너지환경부,업체,"펄프, 종이 및 판지 제조업",127017,1890,㈜디엔브이비즈니스어슈어런스코리아
한국쓰리엠(주),기후에너지환경부,사업장,플라스틱 제품 제조업,45247,928,한국표준협회
한국씨엔티(주),기후에너지환경부,사업장,"시멘트, 석회, 플라스터 및 그 외 제품 제조업",43544,852,(주)한국경영인증원
한국알루미나(주),산업통상자원부,사업장,석유화학,16483,244,한국표준협회
한국알콜산업(주),기후에너지환경부,사업장,기초 화학물질 제조업,32846,1479,한국생산성본부인증원(주)
한국앤컴퍼니 주식회사,기후에너지환경부,업체,일차전지 및 축전지 제조업,83256,1718,(재)한국화학융합시험연구원
한국야금(주),산업통상자원부,사업장,기계,16100,332,(주)한국경영인증원
한국엔에스케이(주),산업통상자원부,사업장,기계,19678,410,한국표준협회
한국엔지니어링플라스틱,기후에너지환경부,업체,합성고무 및 플라스틱 물질 제조업,175429,3445,한국표준협회
한국오웬스코닝(주),기후에너지환경부,사업장,유리 및 유리제품 제조업,83641,1605,대일이엔씨기술(주)
한국원자력연구원,국토교통부,사업장,건물,22817,471,로이드인증원㈜
한국원자력의학원,국토교통부,사업장,건물,16174,332,로이드인증원㈜
한국유미코아배터리머티리얼즈 유한책임회사,기후에너지환경부,사업장,일차전지 및 축전지 제조업,72926,1500,(재)한국품질재단
한국이네오스스티롤루션 주식회사,기후에너지환경부,사업장,합성고무 및 플라스틱 물질 제조업,76298,1655,(재)한국품질재단
한국전력공사,기후에너지환경부,업체,전기업,873710,8238,로이드인증원㈜
한국전자통신연구원,국토교통부,사업장,건물,20310,421,(주)신화엔지니어링종합건축사사무소
한국제강 주식회사,기후에너지환경부,업체,1차 철강 제조업,223686,4126,한국표준협회
한국제지 주식회사,기후에너지환경부,업체,"펄프, 종이 및 판지 제조업",311690,6433,(재)한국품질재단
한국주철관공업(주),기후에너지환경부,사업장,1차 철강 제조업,57389,759,한국표준협회
한국중부발전,기후에너지환경부,업체,전기업,31166623,395111,(재)한국품질재단
한국지엠 주식회사,기후에너지환경부,업체,자동차용 엔진 및 자동차 제조업,238049,4844,한국표준협회
한국지역난방공사,기후에너지환경부,업체,"증기, 냉ㆍ온수 및 공기 조절 공급업",5621836,114897,(주)신화엔지니어링종합건축사사무소
한국철강,기후에너지환경부,업체,1차 철강 제조업,305515,5516,(주)한국경영인증원
한국철도공사,기후에너지환경부,업체,철도 운송업,1510796,30028,지속가능인증원주식회사
한국타이어앤테크놀로지(주),기후에너지환경부,업체,고무제품 제조업,396117,8173,(재)한국품질재단
한국토지주택공사,기후에너지환경부,업체,"증기, 냉ㆍ온수 및 공기 조절 공급업",251252,5017,㈜디엔브이비즈니스어슈어런스코리아
한국표준과학연구원,국토교통부,사업장,건물,22712,468,(주)신화엔지니어링종합건축사사무소
한국필립모리스(주),농림축산식품부,사업장,담배제조업,14350,448,한국표준협회
한국항공우주산업(주),기후에너지환경부,사업장,"항공기, 우주선 및 부품 제조업",67159,1391,(주)신화엔지니어링종합건축사사무소
한국핵융합에너지연구원,국토교통부,사업장,건물,20157,420,(주)신화엔지니어링종합건축사사무소
한국허치슨터미널(주),해양수산부,사업장,항만,19177,342,(주)한국경영인증원
한국환경개발(주),기후에너지환경부,사업장,폐기물 처리업,74724,479,(주)한국경영인증원
한라시멘트주식회사,기후에너지환경부,업체,"시멘트, 석회, 플라스터 및 그 외 제품 제조업",3725709,22386,한국표준협회
한맥테코산업㈜,기후에너지환경부,사업장,폐기물 처리업,40340,27,㈜한국품질보증원
한무쇼핑 주식회사,국토교통부,업체,건물,64007,1346,한국표준협회
한미약품(주),기후에너지환경부,사업장,의약품 제조업,71770,1429,(주)한국경영인증원
한미정밀화학(주),산업통상자원부,사업장,석유화학,14605,338,(주)한국경영인증원
한성운수(주),국토교통부,사업장,교통(여객),15905,305,(주)한국경영인증원
한세이프에너지(주),기후에너지환경부,사업장,폐기물 처리업,47986,47,(재)한국품질재단
한솔제지,기후에너지환경부,업체,"펄프, 종이 및 판지 제조업",923577,16580,(주)한국경영인증원
한솔페이퍼텍주식회사,기후에너지환경부,사업장,"펄프, 종이 및 판지 제조업",125098,1135,(주)한국경영인증원
한온시스템 주식회사,기후에너지환경부,사업장,자동차 신품 부품 제조업,61700,1303,㈜디엔브이비즈니스어슈어런스코리아
한융금속(주),산업통상자원부,사업장,비철금속,17433,280,(주)한국경영인증원
한일시멘트 주식회사,기후에너지환경부,업체,"시멘트, 석회, 플라스터 및 그 외 제품 제조업",3668271,24489,한국표준협회
한일제관(주),기후에너지환경부,사업장,기타 금속 가공제품 제조업,57100,1156,(주)한국경영인증원
한일캔 주식회사,산업통상자원부,사업장,기계,23393,454,(주)한국경영인증원
한일현대시멘트 주식회사,기후에너지환경부,업체,"시멘트, 석회, 플라스터 및 그 외 제품 제조업",3124044,21319,한국표준협회
한전원자력연료 주식회사,산업통상자원부,사업장,석유화학,22208,459,한국표준협회
한주라이트메탈 주식회사,산업통상자원부,사업장,비철금속,20272,415,(재)한국품질재단
한진부산컨테이너터미널,해양수산부,사업장,기타 운송관련 서비스업,32876,657,(주)한국경영인증원
한화솔루션 주식회사,기후에너지환경부,업체,기초 화학물질 제조업,2501207,48751,㈜디엔브이비즈니스어슈어런스코리아
한화에너지주식회사,기후에너지환경부,업체,"증기, 냉ㆍ온수 및 공기 조절 공급업",5014682,56941,한국표준협회
한화에어로스페이스 주식회사,기후에너지환경부,사업장,무기 및 총포탄 제조업,114383,2230,㈜디엔브이비즈니스어슈어런스코리아
한화엔진 주식회사,기후에너지환경부,사업장,일반 목적용 기계 제조업,42358,762,㈜디엔브이비즈니스어슈어런스코리아
한화오션(주),기후에너지환경부,업체,선박 및 보트 건조업,455320,8160,㈜디엔브이비즈니스어슈어런스코리아
한화오션에코텍(주),산업통상자원부,사업장,조선,20912,321,(주)한국경영인증원
한화임팩트 주식회사,기후에너지환경부,업체,기초 화학물질 제조업,516587,8995,㈜디엔브이비즈니스어슈어런스코리아
한화첨단소재,산업통상자원부,사업장,석유화학,41748,858,㈜디엔브이비즈니스어슈어런스코리아
한화토탈에너지스 주식회사,기후에너지환경부,업체,기초 화학물질 제조업,4679895,106381,한국가스안전공사
한화호텔앤드리조트 주식회사,국토교통부,업체,건물,51889,1035,한국표준협회
한황산업주식회사,기후에너지환경부,사업장,자동차 신품 부품 제조업,40082,747,㈜한국품질보증원
해성디에스 주식회사,기후에너지환경부,사업장,반도체 제조업,66233,1450,(주)비에스아이그룹코리아
해태에이치티비(주),농림축산식품부,사업장,음료제조업,16119,474,(재)한국품질재단
핸즈식스주식회사,기후에너지환경부,사업장,자동차 신품 부품 제조업,67612,1384,(주)한국경영인증원
핸즈코퍼레이션주식회사,기후에너지환경부,사업장,자동차 신품 부품 제조업,59826,1214,(재)한국품질재단
현대건설(주),국토교통부,업체,건설,86306,1701,로이드인증원㈜
현대글로비스(주),기후에너지환경부,사업장,도로 화물 운송업,79527,1209,한국표준협회
현대로템 주식회사,산업통상자원부,사업장,기계,18977,382,(주)한국경영인증원
현대모비스(주),기후에너지환경부,업체,자동차 신품 부품 제조업,105334,2172,(재)한국품질재단
현대비앤지스틸(주),기후에너지환경부,사업장,1차 철강 제조업,72957,1494,㈜디엔브이비즈니스어슈어런스코리아
현대석회(주),기후에너지환경부,사업장,"시멘트, 석회, 플라스터 및 그 외 제품 제조업",86857,245,(주)한국경영인증원
현대성우쏠라이트 주식회사,기후에너지환경부,사업장,일차전지 및 축전지 제조업,40368,832,로이드인증원㈜
현대성우캐스팅 주식회사,기후에너지환경부,업체,자동차 신품 부품 제조업,194644,3784,(재)한국품질재단
현대스틸파이프 주식회사,기후에너지환경부,사업장,1차 철강 제조업,38043,781,로이드인증원㈜
현대아이에프씨 주식회사,기후에너지환경부,업체,1차 철강 제조업,230030,4250,로이드인증원㈜
현대엔지니어링(주),국토교통부,사업장,건설,33148,672,로이드인증원㈜
현대오토에버 주식회사,산업통상자원부,사업장,통신,20562,429,대일이엔씨기술(주)
현대위아 주식회사,기후에너지환경부,업체,자동차 신품 부품 제조업,98202,2036,㈜디엔브이비즈니스어슈어런스코리아
현대자동차 주식회사,기후에너지환경부,업체,자동차용 엔진 및 자동차 제조업,1526375,31463,로이드인증원㈜
현대제철 주식회사,기후에너지환경부,업체,1차 철강 제조업,28817883,159662,로이드인증원㈜
현대종합금속(주),산업통상자원부,사업장,기계,18437,378,로이드인증원㈜
현대종합특수강 주식회사,기후에너지환경부,사업장,1차 철강 제조업,46692,940,한국표준협회
현대트랜시스 주식회사,기후에너지환경부,업체,자동차 신품 부품 제조업,190651,3948,㈜디엔브이비즈니스어슈어런스코리아
현우산업(주),산업통상자원부,사업장,전기전자,15014,313,한국표준협회
호스트웨이아이디씨(주),산업통상자원부,사업장,통신,16431,343,로이드인증원㈜
홈플러스 주식회사,기후에너지환경부,업체,종합 소매업,385477,7858,로이드인증원㈜
홍덕산업(주),기후에너지환경부,사업장,1차 철강 제조업,61488,1374,한국생산성본부인증원(주)
홍원제지(주),기후에너지환경부,사업장,"펄프, 종이 및 판지 제조업",92212,1289,한국표준협회
홍천군,기후에너지환경부,사업장,폐기물,16140,86,(재)한국품질재단
화성시,기후에너지환경부,사업장,폐기물 처리업,135511,1207,㈜한국품질보증원
화영운수(주),국토교통부,사업장,교통(여객),16404,280,한국표준협회
화천군,기후에너지환경부,사업장,폐기물,18363,34,㈜한국품질보증원
환영철강공업,기후에너지환경부,업체,1차 철강 제조업,223712,4076,㈜한국품질보증원
효성네오켐 주식회사,기후에너지환경부,사업장,기초 화학물질 제조업,89671,1889,㈜디엔브이비즈니스어슈어런스코리아
효성중공업 주식회사,기후에너지환경부,사업장,"전동기, 발전기 및 전기 변환ㆍ공급ㆍ제어 장치 제조업",52593,1093,㈜디엔브이비즈니스어슈어런스코리아
효성티앤씨 주식회사,기후에너지환경부,업체,화학섬유 제조업,244092,5436,㈜디엔브이비즈니스어슈어런스코리아
효성화학 주식회사,기후에너지환경부,업체,기초 화학물질 제조업,675406,14550,㈜디엔브이비즈니스어슈어런스코리아
휘닉스중앙 주식회사,국토교통부,사업장,건물,20879,417,(주)한국경영인증원
휴비스,기후에너지환경부,업체,화학섬유 제조업,398301,5846,한국표준협회
희성촉매(주),산업통상자원부,사업장,석유화학,23978,488,한국표준협회